"target","source_id","title","title_characters","description","description_characters"
"drama","mehmed-fetihler-sultani","Sultan Muhammad Fateh | Mehmed Fetihler Sultani","47","Explore Sultan Muhammad Fateh (Mehmed Fetihler Sultani), season guides, Urdu and English subtitles, Urdu dubbed editions and episode-to-Bolum numbers.","150"
"collection","collection-88","Mehmed Fetihler Sultani Season 4 | Urdu Dubbed","46","Watch Mehmed Fetihler Sultani Season 4 in Urdu dubbed audio. Match Episodes 1–2 to Bolum 84–85 and find subtitled editions of the same broadcasts.","146"
"episode_group","collection-88-bolum-84","Mehmed Fetihler Sultani S4 E1 | Bolum 84 | Urdu Dubbed","54","Watch Mehmed Fetihler Sultani Season 4 Episode 1 (Bolum 84) in Urdu dubbed audio. Start Season 4 and find the next episode.","123"
"episode_group","collection-88-bolum-85","Mehmed Fetihler Sultani S4 E2 | Bolum 85 | Urdu Dubbed","54","Watch Mehmed Fetihler Sultani Season 4 Episode 2 (Bolum 85) in Urdu dubbed audio. Continue from Bolum 84 and explore viewing choices.","133"
"collection","collection-68","Mehmed Fetihler Sultani Season 2 | Urdu & English Subtitles","59","Watch Mehmed Fetihler Sultani Season 2 with Urdu or English subtitles. Find Episodes 16–49, matching Bolum numbers and each episode's viewing choices.","150"
"episode_group","collection-68-episode-16","Mehmed Fetihler Sultani S2E16 | Bolum 16 | Urdu/English Subs","60","Watch Mehmed S2 Episode 16 (Bolum 16) with Urdu or English subtitles. Mehmed prepares his fleet and forces for the Constantinople campaign.","139"
"episode_group","collection-68-episode-17","Mehmed Fetihler Sultani S2E17 | Bolum 17 | Urdu/English Subs","60","Watch Mehmed S2 Episode 17 (Bolum 17) with Urdu or English subtitles. Rizzo's betrayal forces Mehmed to consider his response.","126"
"episode_group","collection-68-episode-18","Mehmed Fetihler Sultani S2E18 | Bolum 18 | Urdu/English Subs","60","Watch Mehmed S2 Episode 18 (Bolum 18) with Urdu or English subtitles. Mehmed continues conquest preparations after confronting Notaras.","135"
"episode_group","collection-68-episode-1","Mehmed Season 2 Episode 1 | Numbering Under Review","50","This Mehmed Fetihler Sultani Season 2 record has conflicting episode numbering. Browse the season page for available, clearly identified episodes instead.","154"
"episode_group","collection-68-episode-19","Mehmed Fetihler Sultani S2E19 | Bolum 19 | Urdu/English Subs","60","Watch Mehmed S2 Episode 19 (Bolum 19) with Urdu or English subtitles. Giustiniani's arrival in the city places Baltaoglu under scrutiny.","136"
"episode_group","collection-68-episode-20","Mehmed Fetihler Sultani S2E20 | Bolum 20 | Urdu/English Subs","60","Watch Mehmed S2 Episode 20 (Bolum 20) with Urdu or English subtitles. An incident involving Bayezid draws Gulsah and Bahar into palace scrutiny.","144"
"episode_group","collection-68-episode-21","Mehmed Fetihler Sultani S2E21 | Bolum 21 | Urdu/English Subs","60","Watch Mehmed S2 Episode 21 (Bolum 21) with Urdu or English subtitles. A poisoned robe plot demands a judgment from Mehmed.","122"
"episode_group","collection-68-episode-22","Mehmed Fetihler Sultani S2E22 | Bolum 22 | Urdu/English Subs","60","Watch Mehmed S2 Episode 22 (Bolum 22) with Urdu or English subtitles. Mehmed considers how to breach the walls and reach the Golden Horn.","137"
"episode_group","collection-68-episode-23","Mehmed Fetihler Sultani S2E23 | Bolum 23 | Urdu/English Subs","60","Watch Mehmed S2 Episode 23 (Bolum 23) with Urdu or English subtitles. Siege preparations raise questions about command and Janissary tactics.","141"
"episode_group","collection-68-episode-24","Mehmed Fetihler Sultani S2E24 | Bolum 24 | Urdu/English Subs","60","Watch Mehmed S2 Episode 24 (Bolum 24) with Urdu or English subtitles. A damaged cannon creates a dangerous decision for Saruca.","127"
"episode_group","collection-68-episode-25","Mehmed Fetihler Sultani S2E25 | Bolum 25 | Urdu/English Subs","60","Watch Mehmed S2 Episode 25 (Bolum 25) with Urdu or English subtitles. Plethon's peace proposal prompts a response from the leaders.","131"
"episode_group","collection-68-episode-32","Mehmed Fetihler Sultani S2E32 | Bolum 32 | Urdu/English Subs","60","Watch Mehmed S2 Episode 32 (Bolum 32) with Urdu or English subtitles. Ferhat's exposure as a spy places the pashas under scrutiny.","130"
"episode_group","collection-68-episode-33","Mehmed Fetihler Sultani S2E33 | Bolum 33 | Urdu/English Subs","60","Watch Mehmed S2 Episode 33 (Bolum 33) with Urdu or English subtitles. The discovery of a wounded Baltaoglu Suleyman prompts an investigation.","141"
"episode_group","collection-68-episode-34","Mehmed Fetihler Sultani S2E34 | Bolum 34 | Urdu/English Subs","60","Watch Mehmed S2 Episode 34 (Bolum 34) with Urdu or English subtitles. Losses among the akincis intensify tensions in the Ottoman camp.","134"
"episode_group","collection-68-episode-35","Mehmed Fetihler Sultani S2E35 | Bolum 35 | Urdu/English Subs","60","Watch Mehmed S2 Episode 35 (Bolum 35) with Urdu or English subtitles. Harry's death unsettles the camp.","103"
"episode_group","collection-68-episode-36","Mehmed Fetihler Sultani S2E36 | Bolum 36 | Urdu/English Subs","60","Watch Mehmed S2 Episode 36 (Bolum 36) with Urdu or English subtitles. Mehmed balances competing counsel before the next attack.","127"
"episode_group","collection-68-episode-37","Mehmed Fetihler Sultani S2E37 | Bolum 37 | Urdu/English Subs","60","Watch Mehmed S2 Episode 37 (Bolum 37) with Urdu or English subtitles. Assault preparations accompany plans to move ships toward the Golden Horn.","144"
"episode_group","collection-68-episode-38","Mehmed Fetihler Sultani S2E38 | Bolum 38 | Urdu/English Subs","60","Watch Mehmed S2 Episode 38 (Bolum 38) with Urdu or English subtitles. Mehmed prepares to move his fleet overland into the Golden Horn.","134"
"episode_group","collection-68-episode-39","Mehmed Fetihler Sultani S2E39 | Bolum 39 | Urdu/English Subs","60","Watch Mehmed S2 Episode 39 (Bolum 39) with Urdu or English subtitles. Ottoman ships in the Golden Horn alarm the Byzantine defenders.","133"
"episode_group","collection-68-episode-40","Mehmed Fetihler Sultani S2E40 | Bolum 40 | Urdu/English Subs","60","Watch Mehmed S2 Episode 40 (Bolum 40) with Urdu or English subtitles. Koko faces punishment while Satilmish's rescue becomes urgent.","132"
"episode_group","collection-68-episode-41","Mehmed Fetihler Sultani S2E41 | Bolum 41 | Urdu/English Subs","60","Watch Mehmed S2 Episode 41 (Bolum 41) with Urdu or English subtitles. Mehmed addresses his forces ahead of the final assault on Constantinople.","143"
"episode_group","collection-68-episode-42","Mehmed Fetihler Sultani S2E42 | Bolum 42 | Urdu/English Subs","60","Watch Mehmed S2 Episode 42 (Bolum 42) with Urdu or English subtitles. Ottoman forces break through the city walls.","114"
"episode_group","collection-68-episode-43","Mehmed Fetihler Sultani S2E43 | Bolum 43 | Urdu/English Subs","60","Watch Mehmed S2 Episode 43 (Bolum 43) with Urdu or English subtitles. Victory in Constantinople opens a new chapter for Mehmed.","127"
"episode_group","collection-68-episode-44","Mehmed Fetihler Sultani S2E44 | Bolum 44 | Urdu/English Subs","60","Watch Mehmed S2 Episode 44 (Bolum 44) with Urdu or English subtitles. Rebuilding the city becomes a priority after the conquest.","128"
"episode_group","collection-68-episode-45","Mehmed Fetihler Sultani S2E45 | Bolum 45 | Urdu/English Subs","60","Watch Mehmed S2 Episode 45 (Bolum 45) with Urdu or English subtitles. Hristo's withdrawn lawsuit brings Ottoman justice into focus.","131"
"episode_group","collection-68-episode-46","Mehmed Fetihler Sultani S2E46 | Bolum 46 | Urdu/English Subs","60","Watch Mehmed S2 Episode 46 (Bolum 46) with Urdu or English subtitles. Plethon faces questioning as the court adjusts to a new order.","132"
"episode_group","collection-68-episode-47","Mehmed Fetihler Sultani S2E47 | Bolum 47 | Urdu/English Subs","60","Watch Mehmed S2 Episode 47 (Bolum 47) with Urdu or English subtitles. Attacks involving Kurtchu and Hristo expose a clandestine organization.","141"
"episode_group","collection-68-episode-48","Mehmed Fetihler Sultani S2E48 | Bolum 48 | Urdu/English Subs","60","Watch Mehmed S2 Episode 48 (Bolum 48) with Urdu or English subtitles. Zaganos uses Notaras in his plans against Chandarli.","122"
"episode_group","collection-68-bolum-149","Mehmed Fetihler Sultani S2E49 | Bolum 49 | Urdu/English Subs","60","Watch Mehmed S2 Episode 49 (Bolum 49) with Urdu or English subtitles. Chandarli's imprisonment accompanies Mahmud Pasha's summons to the capital.","145"
"episode_group","collection-68-bolum-49","Mehmed Fetihler Sultani S2E49 | Bolum 49 | Urdu/English Subs","60","Watch Mehmed S2 Episode 49 (Bolum 49) with Urdu or English subtitles. Chandarli's imprisonment accompanies Mahmud Pasha's summons to the capital.","145"
"episode_group","collection-68-episode-26","Mehmed Fetihler Sultani S2E26 | Bolum 26 | Urdu/English Subs","60","Watch Mehmed S2 Episode 26 (Bolum 26) with Urdu or English subtitles. Mehmed reassesses his strategy after an attack at the walls.","130"
"episode_group","collection-68-episode-27","Mehmed Fetihler Sultani S2E27 | Bolum 27 | Urdu/English Subs","60","Watch Mehmed S2 Episode 27 (Bolum 27) with Urdu or English subtitles. New cannon preparations accompany plans to tunnel beneath the walls.","138"
"episode_group","collection-68-episode-28","Mehmed Fetihler Sultani S2E28 | Bolum 28 | Urdu/English Subs","60","Watch Mehmed S2 Episode 28 (Bolum 28) with Urdu or English subtitles. Suleyman Pasha is tasked with stopping aid arriving by sea.","129"
"episode_group","collection-68-episode-29","Mehmed Fetihler Sultani S2E29 | Bolum 29 | Urdu/English Subs","60","Watch Mehmed S2 Episode 29 (Bolum 29) with Urdu or English subtitles. Kurtchu confronts an epidemic at Rumeli Hisari as Mehmed faces a setback.","143"
"episode_group","collection-68-episode-30","Mehmed Fetihler Sultani S2E30 | Bolum 30 | Urdu/English Subs","60","Watch Mehmed S2 Episode 30 (Bolum 30) with Urdu or English subtitles. Mehmed responds to unrest among the Janissaries.","118"
"episode_group","collection-68-episode-31","Mehmed Fetihler Sultani S2E31 | Bolum 31 | Urdu/English Subs","60","Watch Mehmed S2 Episode 31 (Bolum 31) with Urdu or English subtitles. Unexpected setbacks complicate Mehmed's planned assault.","126"
"collection","collection-62","Mehmed Fetihler Sultani Season 1 | Urdu & English Subtitles","59","Watch Mehmed Fetihler Sultani Season 1 with Urdu or English subtitles. Find Episodes 1–15, matching Bolum numbers and each episode's viewing choices.","149"
"episode_group","collection-62-episode-1","Mehmed Fetihler Sultani S1 E1 | Bolum 1 | Urdu/English Subs","59","Watch Mehmed S1 Episode 1 (Bolum 1) with Urdu or English subtitles. Murad withdraws from court as Mehmed faces the challenge posed by Orhan.","140"
"episode_group","collection-62-episode-2","Mehmed Fetihler Sultani S1 E2 | Bolum 2 | Urdu/English Subs","59","Watch Mehmed S1 Episode 2 (Bolum 2) with Urdu or English subtitles. Mehmed returns to Saruhan, where piracy threatens trade.","124"
"episode_group","collection-62-episode-3","Mehmed Fetihler Sultani S1 E3 | Bolum 3 | Urdu/English Subs","59","Watch Mehmed S1 Episode 3 (Bolum 3) with Urdu or English subtitles. Mehmed presents Capello to Murad while suspicious coins raise questions.","140"
"episode_group","collection-62-episode-4","Mehmed Fetihler Sultani S1 E4 | Bolum 4 | Urdu/English Subs","59","Watch Mehmed S1 Episode 4 (Bolum 4) with Urdu or English subtitles. An ambush by Yanos puts Mehmed in danger.","109"
"episode_group","collection-62-episode-5","Mehmed Fetihler Sultani S1 E5 | Bolum 5 | Urdu/English Subs","59","Watch Mehmed S1 Episode 5 (Bolum 5) with Urdu or English subtitles. Mehmed secretly travels to Constantinople to rescue Zaganos.","128"
"episode_group","collection-62-episode-6","Mehmed Fetihler Sultani S1 E6 | Bolum 6 | Urdu/English Subs","59","Watch Mehmed S1 Episode 6 (Bolum 6) with Urdu or English subtitles. An ambush threatens Mehmed as Ishak approaches.","115"
"episode_group","collection-62-episode-7","Mehmed Fetihler Sultani S1 E7 | Bolum 7 | Urdu/English Subs","59","Watch Mehmed S1 Episode 7 (Bolum 7) with Urdu or English subtitles. Murad's death opens a struggle over the succession.","119"
"episode_group","collection-62-episode-8","Mehmed Fetihler Sultani S1 E8 | Bolum 8 | Urdu/English Subs","59","Watch Mehmed S1 Episode 8 (Bolum 8) with Urdu or English subtitles. Ahmed's attempted escape raises suspicions around Halime and Chandarli.","139"
"episode_group","collection-62-episode-9","Mehmed Fetihler Sultani S1 E9 | Bolum 9 | Urdu/English Subs","59","Watch Mehmed S1 Episode 9 (Bolum 9) with Urdu or English subtitles. Mehmed's Karaman expedition leaves Evrenosoglu Ali responsible for the palace.","146"
"episode_group","collection-62-episode-10","Mehmed Fetihler Sultani S1E10 | Bolum 10 | Urdu/English Subs","60","Watch Mehmed S1 Episode 10 (Bolum 10) with Urdu or English subtitles. Mehmed prepares to discipline the rebels after Ahmed's death.","131"
"episode_group","collection-62-episode-11","Mehmed Fetihler Sultani S1E11 | Bolum 11 | Urdu/English Subs","60","Watch Mehmed S1 Episode 11 (Bolum 11) with Urdu or English subtitles. Urban advances conquest preparations while Hizir pursues justice.","135"
"episode_group","collection-62-episode-12","Mehmed Fetihler Sultani S1E12 | Bolum 12 | Urdu/English Subs","60","Watch Mehmed S1 Episode 12 (Bolum 12) with Urdu or English subtitles. A cannon explosion and Mara's kidnapping create a crisis.","127"
"episode_group","collection-62-episode-13","Mehmed Fetihler Sultani S1E13 | Bolum 13 | Urdu/English Subs","60","Watch Mehmed S1 Episode 13 (Bolum 13) with Urdu or English subtitles. Mehmed targets Dimitria as Mara confronts Chandarli's actions.","132"
"episode_group","collection-62-episode-14","Mehmed Fetihler Sultani S1E14 | Bolum 14 | Urdu/English Subs","60","Watch Mehmed S1 Episode 14 (Bolum 14) with Urdu or English subtitles. Zaganos presses the siege of Dimitria with Mehmed's support.","130"
"episode_group","collection-62-episode-15","Mehmed Fetihler Sultani S1E15 | Bolum 15 | Urdu/English Subs","60","Watch Mehmed S1 Episode 15 (Bolum 15) with Urdu or English subtitles. Mehmed turns toward Constantinople, with Orhan still presenting an obstacle.","146"
"collection","collection-76","Mehmed Fetihler Sultani Season 3 | Urdu & English Subtitles","59","Watch Mehmed Fetihler Sultani Season 3 with Urdu or English subtitles. Find Episodes 50–83, matching Bolum numbers and each episode's viewing choices.","150"
"episode_group","collection-76-episode-54","Mehmed Fetihler Sultani S3E54 | Bolum 54 | Urdu/English Subs","60","Watch Mehmed S3 Episode 54 (Bolum 54) with Urdu or English subtitles. Mahmud Pasha brings Zaganos back into the council.","120"
"episode_group","collection-76-episode-55","Mehmed Fetihler Sultani S3E55 | Bolum 55 | Urdu/English Subs","60","Watch Mehmed S3 Episode 55 (Bolum 55) with Urdu or English subtitles. Mehmed launches a campaign whose objective remains concealed.","131"
"episode_group","collection-76-episode-56","Mehmed Fetihler Sultani S3E56 | Bolum 56 | Urdu/English Subs","60","Watch Mehmed S3 Episode 56 (Bolum 56) with Urdu or English subtitles. An attack leaves Mahmud Pasha gravely wounded.","116"
"episode_group","collection-76-episode-57","Mehmed Fetihler Sultani S3E57 | Bolum 57 | Urdu/English Subs","60","Watch Mehmed S3 Episode 57 (Bolum 57) with Urdu or English subtitles. Vlad faces questioning after the attack on Mahmud Pasha.","126"
"episode_group","collection-76-episode-58","Mehmed Fetihler Sultani S3E58 | Bolum 58 | Urdu/English Subs","60","Watch Mehmed S3 Episode 58 (Bolum 58) with Urdu or English subtitles. Mehmed turns toward Pontus after victory over Isfendiyar.","127"
"episode_group","collection-76-episode-59","Mehmed Fetihler Sultani S3E59 | Bolum 59 | Urdu/English Subs","60","Watch Mehmed S3 Episode 59 (Bolum 59) with Urdu or English subtitles. The camp rallies against Pontus following the loss of Zeynel.","131"
"episode_group","collection-76-episode-60","Mehmed Fetihler Sultani S3E60 | Bolum 60 | Urdu/English Subs","60","Watch Mehmed S3 Episode 60 (Bolum 60) with Urdu or English subtitles. The Pontus siege unfolds alongside a search for a traitor.","128"
"episode_group","collection-76-episode-61","Mehmed Fetihler Sultani S3E61 | Bolum 61 | Urdu/English Subs","60","Watch Mehmed S3 Episode 61 (Bolum 61) with Urdu or English subtitles. Akinci forces encounter Draven's trap at the walls of Pontus.","131"
"episode_group","collection-76-bolum-61","Mehmed Fetihler Sultani S3E61 | Bolum 61 | Urdu/English Subs","60","Watch Mehmed S3 Episode 61 (Bolum 61) with Urdu or English subtitles. Akinci forces encounter Draven's trap at the walls of Pontus.","131"
"episode_group","collection-76-bolum-62","Mehmed Fetihler Sultani S3E62 | Bolum 62 | Urdu/English Subs","60","Watch Mehmed S3 Episode 62 (Bolum 62) with Urdu or English subtitles. Fighting continues within the walls of Pontus.","116"
"episode_group","collection-76-bolum-63","Mehmed Fetihler Sultani S3E63 | Bolum 63 | Urdu/English Subs","60","Watch Mehmed S3 Episode 63 (Bolum 63) with Urdu or English subtitles. Suleyman's plans place Bayezid and Mustafa in danger.","123"
"episode_group","collection-76-bolum-64","Mehmed S3 E64 | Bolum 64 | Availability under review","52","Watch Mehmed Fetihler Sultani Season 3 Episode 64 (Bolum 64) with Availability under review. Check episode details and browse the season's available episodes.","158"
"episode_group","collection-76-bolum-65","Mehmed Fetihler Sultani S3 E65 | Bolum 65 | Urdu Subtitles","58","Watch Mehmed S3 Episode 65 (Bolum 65) with Urdu subtitles. Financial irregularities at the palace draw Gulsah into action.","122"
"episode_group","collection-76-bolum-66","Mehmed Fetihler Sultani S3E66 | Bolum 66 | Urdu/English Subs","60","Watch Mehmed S3 Episode 66 (Bolum 66) with Urdu or English subtitles. Janissary unrest develops as Mahmud and Huseyin challenge Kurtchu.","136"
"episode_group","collection-76-bolum-67","Mehmed Fetihler Sultani S3E67 | Bolum 67 | Urdu/English Subs","60","Watch Mehmed S3 Episode 67 (Bolum 67) with Urdu or English subtitles. Janissary tensions accompany decisions involving Stefan, Vlad and Bosnia.","143"
"episode_group","collection-76-bolum-68","Mehmed Fetihler Sultani S3E68 | Bolum 68 | Urdu/English Subs","60","Watch Mehmed S3 Episode 68 (Bolum 68) with Urdu or English subtitles. Bosnian strategy develops alongside corruption and unrest in the capital.","143"
"episode_group","collection-76-bolum-69","Mehmed Fetihler Sultani S3 E69 | Bolum 69 | Urdu Subtitles","58","Watch Mehmed S3 Episode 69 (Bolum 69) with Urdu subtitles. Major campaign preparations coincide with Mahmud's return to the council.","132"
"episode_group","collection-76-bolum-70","Mehmed Fetihler Sultani S3 E70 | Bolum 70 | Urdu Subtitles","58","Watch Mehmed S3 Episode 70 (Bolum 70) with Urdu subtitles. Mehmed announces Bosnia as the campaign's objective.","111"
"episode_group","collection-76-bolum-71","Mehmed Fetihler Sultani S3E71 | Bolum 71 | Urdu/English Subs","60","Watch Mehmed S3 Episode 71 (Bolum 71) with Urdu or English subtitles. The council in Sofia discusses a concealed Hungarian objective.","133"
"episode_group","collection-76-bolum-72","Mehmed Fetihler Sultani S3E72 | Bolum 72 | Urdu/English Subs","60","Watch Mehmed S3 Episode 72 (Bolum 72) with Urdu or English subtitles. Drina's strategic importance grows as Hungarian forces approach.","134"
"episode_group","collection-76-episode-73","Mehmed Fetihler Sultani S3E73 | Bolum 73 | Urdu/English Subs","60","Watch Mehmed S3 Episode 73 (Bolum 73) with Urdu or English subtitles. Ishak's request to resign creates a leadership decision in Sofia.","135"
"episode_group","collection-76-episode-74","Mehmed Fetihler Sultani S3E74 | Bolum 74 | Urdu/English Subs","60","Watch Mehmed S3 Episode 74 (Bolum 74) with Urdu or English subtitles. Mehmed confronts Vlad while Katerina orders cannon fire.","126"
"episode_group","collection-76-episode-75","Mehmed Fetihler Sultani S3E75 | Bolum 75 | Urdu/English Subs","60","Watch Mehmed S3 Episode 75 (Bolum 75) with Urdu or English subtitles. An attack on Cicek Hatun exposes a palace trap.","117"
"episode_group","collection-76-episode-76","Mehmed Fetihler Sultani S3E76 | Bolum 76 | Urdu/English Subs","60","Watch Mehmed S3 Episode 76 (Bolum 76) with Urdu or English subtitles. Mehmed demands campaign resources from Mahmud.","116"
"episode_group","collection-76-episode-77","Mehmed Fetihler Sultani S3E77 | Bolum 77 | Urdu/English Subs","60","Watch Mehmed S3 Episode 77 (Bolum 77) with Urdu or English subtitles. News involving Hamza Pasha reaches Radu.","110"
"episode_group","collection-76-episode-78","Mehmed Fetihler Sultani S3E78 | Bolum 78 | Urdu/English Subs","60","Watch Mehmed S3 Episode 78 (Bolum 78) with Urdu or English subtitles. Destructive news from Nigbolu raises questions about Evrenosoglu Ali's fate.","146"
"episode_group","collection-76-episode-79","Mehmed Fetihler Sultani S3E79 | Bolum 79 | Urdu/English Subs","60","Watch Mehmed S3 Episode 79 (Bolum 79) with Urdu or English subtitles. An ambush threatens the princes' cavalry as Mustafa fights.","129"
"episode_group","collection-76-episode-80","Mehmed Fetihler Sultani S3E80 | Bolum 80 | Urdu/English Subs","60","Watch Mehmed S3 Episode 80 (Bolum 80) with Urdu or English subtitles. Mehmed regroups after losses on the road to Targoviste.","125"
"episode_group","collection-76-episode-81","Mehmed Fetihler Sultani S3E81 | Bolum 81 | Urdu/English Subs","60","Watch Mehmed S3 Episode 81 (Bolum 81) with Urdu or English subtitles. Mehmed reaches Targoviste while Vlad considers a bargain with Mattias.","140"
"episode_group","collection-76-episode-82","Mehmed Fetihler Sultani S3E82 | Bolum 82 | Urdu/English Subs","60","Watch Mehmed S3 Episode 82 (Bolum 82) with Urdu or English subtitles. Vlad's raid on the Ottoman camp is repelled, but he escapes.","130"
"episode_group","collection-76-episode-83","Mehmed Fetihler Sultani S3E83 | Bolum 83 | Urdu/English Subs","60","Watch Mehmed S3 Episode 83 (Bolum 83) with Urdu or English subtitles. Civilian hostages complicate Mehmed's confrontation with Vlad at Targoviste.","146"
"episode_group","collection-76-episode-50","Mehmed Fetihler Sultani S3E50 | Bolum 50 | Urdu/English Subs","60","Watch Mehmed S3 Episode 50 (Bolum 50) with Urdu or English subtitles. Mehmed turns toward Pontus as Komnenos seeks papal support.","129"
"episode_group","collection-76-episode-51","Mehmed Fetihler Sultani S3E51 | Bolum 51 | Urdu/English Subs","60","Watch Mehmed S3 Episode 51 (Bolum 51) with Urdu or English subtitles. A Karaman envoy's demands place Bayezid and state interests in conflict.","142"
"episode_group","collection-76-bolum-52","Mehmed Fetihler Sultani S3E52 | Bolum 52 | Urdu/English Subs","60","Watch Mehmed S3 Episode 52 (Bolum 52) with Urdu or English subtitles. Bayezid's dismissal of Ishak Pasha stirs unrest in the palace.","132"
"episode_group","collection-76-episode-52","Mehmed Fetihler Sultani S3E52 | Bolum 52 | Urdu/English Subs","60","Watch Mehmed S3 Episode 52 (Bolum 52) with Urdu or English subtitles. Bayezid's dismissal of Ishak Pasha stirs unrest in the palace.","132"
"episode_group","collection-76-episode-53","Mehmed Fetihler Sultani S3E53 | Bolum 53 | Urdu/English Subs","60","Watch Mehmed S3 Episode 53 (Bolum 53) with Urdu or English subtitles. Bayezid's injuries intensify palace tensions as outside alliances develop.","144"
"collection","collection-72","Mehmed Fetihler Sultani Season 1 | Urdu Dubbed","46","Watch Mehmed Fetihler Sultani Season 1 in Urdu dubbed audio. Browse Episodes 1–8; original broadcast numbers remain unverified for this dubbed release.","151"
"episode_group","collection-72-episode-1","Mehmed Fetihler Sultani S1 E1 | Urdu Dubbed","43","Watch Mehmed Fetihler Sultani Season 1 Episode 1 in Urdu dubbed audio. Use this release's episode order; its Bolum mapping is unverified.","137"
"episode_group","collection-72-episode-5","Mehmed Fetihler Sultani S1 E5 | Urdu Dubbed","43","Watch Mehmed Fetihler Sultani Season 1 Episode 5 in Urdu dubbed audio. Use this release's episode order; its Bolum mapping is unverified.","137"
"episode_group","collection-72-episode-6","Mehmed Fetihler Sultani S1 E6 | Urdu Dubbed","43","Watch Mehmed Fetihler Sultani Season 1 Episode 6 in Urdu dubbed audio. Use this release's episode order; its Bolum mapping is unverified.","137"
"episode_group","collection-72-episode-7","Mehmed Fetihler Sultani S1 E7 | Urdu Dubbed","43","Watch Mehmed Fetihler Sultani Season 1 Episode 7 in Urdu dubbed audio. Use this release's episode order; its Bolum mapping is unverified.","137"
"episode_group","collection-72-episode-8","Mehmed Fetihler Sultani S1 E8 | Urdu Dubbed","43","Watch Mehmed Fetihler Sultani Season 1 Episode 8 in Urdu dubbed audio. Use this release's episode order; its Bolum mapping is unverified.","137"
"episode_group","collection-72-episode-2","Mehmed Fetihler Sultani S1 E2 | Urdu Dubbed","43","Watch Mehmed Fetihler Sultani Season 1 Episode 2 in Urdu dubbed audio. Use this release's episode order; its Bolum mapping is unverified.","137"
"episode_group","collection-72-episode-3","Mehmed Fetihler Sultani S1 E3 | Urdu Dubbed","43","Watch Mehmed Fetihler Sultani Season 1 Episode 3 in Urdu dubbed audio. Use this release's episode order; its Bolum mapping is unverified.","137"
"episode_group","collection-72-episode-4","Mehmed Fetihler Sultani S1 E4 | Urdu Dubbed","43","Watch Mehmed Fetihler Sultani Season 1 Episode 4 in Urdu dubbed audio. Use this release's episode order; its Bolum mapping is unverified.","137"
"collection","collection-82","Mehmed Fetihler Sultani Season 4 | Urdu & English Subtitles","59","Watch Mehmed Fetihler Sultani Season 4 with Urdu or English subtitles. Match Episodes 1–3 to Bolum 84–86 and choose a rendition for each episode.","145"
"episode_group","collection-82-bolum-84","Mehmed Fetihler Sultani S4 E1 | Bolum 84 | Urdu/English Subs","60","Watch Mehmed Fetihler Sultani Season 4 Episode 1 (Bolum 84) with Urdu or English subtitles. Start Season 4 and find the next episode.","133"
"episode_group","collection-82-bolum-85","Mehmed Fetihler Sultani S4 E2 | Bolum 85 | Urdu/English Subs","60","Watch Mehmed Fetihler Sultani Season 4 Episode 2 (Bolum 85) with Urdu or English subtitles. Continue from Bolum 84 and explore viewing choices.","143"
"episode_group","collection-82-bolum-86","Mehmed Fetihler Sultani S4 E3 | Bolum 86 | Urdu/English Subs","60","Watch Mehmed Fetihler Sultani Season 4 Episode 3 (Bolum 86) with Urdu or English subtitles. Continue from Bolum 85 and browse Season 4.","135"