"page_type","source_id","current_route_from_live_data","database_status","planned_priority","draft_title_requires_language_identity_review","primary_query_candidate","keyword_evidence_limit","required_work"
"drama","mehmed-fetihler-sultani","/drama/mehmed-fetihler-sultani","published","P1","Mehmed: Fetihler Sultani — Sultan Muhammad Fateh","sultan muhammad fateh","Prior OpenRush estimate; no new volume collection","Replace imported synopsis; accurately state editions and reviewed episode counts"
"season","collection-72","/drama/mehmed-fetihler-sultani/season-1/urdu-dubbed","published","P2","Sultan Muhammad Fateh Season 1 — Urdu Dubbed","sultan muhammad fateh season 1 urdu dubbed","Prior research; verify exact-query row in OpenRush CSV","Unique season overview; available episode list; verified numbering; accurate language availability"
"episode","collection-72-episode-1","/drama/mehmed-fetihler-sultani/season-1/urdu-dubbed/episode-1","published","P2","Sultan Muhammad Fateh Season 1 Episode 1 — Urdu Dubbed","sultan muhammad fateh season 1 episode 1 urdu dubbed","Keyword candidate; no assigned volume unless exact prior market/query match","Review actual episode; original spoiler-free synopsis; facts and source; stable thumbnail; real upload date; playable language choices; previous/next links"
"episode","collection-72-episode-2","/drama/mehmed-fetihler-sultani/season-1/urdu-dubbed/episode-2","published","P2","Sultan Muhammad Fateh Season 1 Episode 2 — Urdu Dubbed","sultan muhammad fateh season 1 episode 2 urdu dubbed","Keyword candidate; no assigned volume unless exact prior market/query match","Review actual episode; original spoiler-free synopsis; facts and source; stable thumbnail; real upload date; playable language choices; previous/next links"
"episode","collection-72-episode-3","/drama/mehmed-fetihler-sultani/season-1/urdu-dubbed/episode-3","published","P2","Sultan Muhammad Fateh Season 1 Episode 3 — Urdu Dubbed","sultan muhammad fateh season 1 episode 3 urdu dubbed","Keyword candidate; no assigned volume unless exact prior market/query match","Review actual episode; original spoiler-free synopsis; facts and source; stable thumbnail; real upload date; playable language choices; previous/next links"
"episode","collection-72-episode-4","/drama/mehmed-fetihler-sultani/season-1/urdu-dubbed/episode-4","published","P2","Sultan Muhammad Fateh Season 1 Episode 4 — Urdu Dubbed","sultan muhammad fateh season 1 episode 4 urdu dubbed","Keyword candidate; no assigned volume unless exact prior market/query match","Review actual episode; original spoiler-free synopsis; facts and source; stable thumbnail; real upload date; playable language choices; previous/next links"
"episode","collection-72-episode-5","/drama/mehmed-fetihler-sultani/season-1/urdu-dubbed/episode-5","published","P2","Sultan Muhammad Fateh Season 1 Episode 5 — Urdu Dubbed","sultan muhammad fateh season 1 episode 5 urdu dubbed","Keyword candidate; no assigned volume unless exact prior market/query match","Review actual episode; original spoiler-free synopsis; facts and source; stable thumbnail; real upload date; playable language choices; previous/next links"
"episode","collection-72-episode-6","/drama/mehmed-fetihler-sultani/season-1/urdu-dubbed/episode-6","published","P2","Sultan Muhammad Fateh Season 1 Episode 6 — Urdu Dubbed","sultan muhammad fateh season 1 episode 6 urdu dubbed","Keyword candidate; no assigned volume unless exact prior market/query match","Review actual episode; original spoiler-free synopsis; facts and source; stable thumbnail; real upload date; playable language choices; previous/next links"
"episode","collection-72-episode-7","/drama/mehmed-fetihler-sultani/season-1/urdu-dubbed/episode-7","published","P2","Sultan Muhammad Fateh Season 1 Episode 7 — Urdu Dubbed","sultan muhammad fateh season 1 episode 7 urdu dubbed","Keyword candidate; no assigned volume unless exact prior market/query match","Review actual episode; original spoiler-free synopsis; facts and source; stable thumbnail; real upload date; playable language choices; previous/next links"
"episode","collection-72-episode-8","/drama/mehmed-fetihler-sultani/season-1/urdu-dubbed/episode-8","published","P2","Sultan Muhammad Fateh Season 1 Episode 8 — Urdu Dubbed","sultan muhammad fateh season 1 episode 8 urdu dubbed","Keyword candidate; no assigned volume unless exact prior market/query match","Review actual episode; original spoiler-free synopsis; facts and source; stable thumbnail; real upload date; playable language choices; previous/next links"
"season","collection-62","/drama/mehmed-fetihler-sultani/season-1","published","P2","Sultan Muhammad Fateh Season 1 — Urdu & English Subtitles","sultan muhammad fateh season 1","Prior research; verify exact-query row in OpenRush CSV","Unique season overview; available episode list; verified numbering; accurate language availability"
"episode","collection-62-episode-1","/drama/mehmed-fetihler-sultani/season-1/episode-1","published","P2","Sultan Muhammad Fateh Season 1 Episode 1 — Urdu & English Subtitles","sultan muhammad fateh season 1 episode 1 urdu subtitles","Keyword candidate; no assigned volume unless exact prior market/query match","Review actual episode; original spoiler-free synopsis; facts and source; stable thumbnail; real upload date; playable language choices; previous/next links"
"episode","collection-62-episode-2","/drama/mehmed-fetihler-sultani/season-1/episode-2","published","P2","Sultan Muhammad Fateh Season 1 Episode 2 — Urdu & English Subtitles","sultan muhammad fateh season 1 episode 2 urdu subtitles","Keyword candidate; no assigned volume unless exact prior market/query match","Review actual episode; original spoiler-free synopsis; facts and source; stable thumbnail; real upload date; playable language choices; previous/next links"
"episode","collection-62-episode-3","/drama/mehmed-fetihler-sultani/season-1/episode-3","published","P2","Sultan Muhammad Fateh Season 1 Episode 3 — Urdu & English Subtitles","sultan muhammad fateh season 1 episode 3 urdu subtitles","Keyword candidate; no assigned volume unless exact prior market/query match","Review actual episode; original spoiler-free synopsis; facts and source; stable thumbnail; real upload date; playable language choices; previous/next links"
"episode","collection-62-episode-4","/drama/mehmed-fetihler-sultani/season-1/episode-4","published","P2","Sultan Muhammad Fateh Season 1 Episode 4 — Urdu & English Subtitles","sultan muhammad fateh season 1 episode 4 urdu subtitles","Keyword candidate; no assigned volume unless exact prior market/query match","Review actual episode; original spoiler-free synopsis; facts and source; stable thumbnail; real upload date; playable language choices; previous/next links"
"episode","collection-62-episode-5","/drama/mehmed-fetihler-sultani/season-1/episode-5","published","P2","Sultan Muhammad Fateh Season 1 Episode 5 — Urdu & English Subtitles","sultan muhammad fateh season 1 episode 5 urdu subtitles","Keyword candidate; no assigned volume unless exact prior market/query match","Review actual episode; original spoiler-free synopsis; facts and source; stable thumbnail; real upload date; playable language choices; previous/next links"
"episode","collection-62-episode-6","/drama/mehmed-fetihler-sultani/season-1/episode-6","published","P2","Sultan Muhammad Fateh Season 1 Episode 6 — Urdu & English Subtitles","sultan muhammad fateh season 1 episode 6 urdu subtitles","Keyword candidate; no assigned volume unless exact prior market/query match","Review actual episode; original spoiler-free synopsis; facts and source; stable thumbnail; real upload date; playable language choices; previous/next links"
"episode","collection-62-episode-7","/drama/mehmed-fetihler-sultani/season-1/episode-7","published","P2","Sultan Muhammad Fateh Season 1 Episode 7 — Urdu & English Subtitles","sultan muhammad fateh season 1 episode 7 urdu subtitles","Keyword candidate; no assigned volume unless exact prior market/query match","Review actual episode; original spoiler-free synopsis; facts and source; stable thumbnail; real upload date; playable language choices; previous/next links"
"episode","collection-62-episode-8","/drama/mehmed-fetihler-sultani/season-1/episode-8","published","P2","Sultan Muhammad Fateh Season 1 Episode 8 — Urdu & English Subtitles","sultan muhammad fateh season 1 episode 8 urdu subtitles","Keyword candidate; no assigned volume unless exact prior market/query match","Review actual episode; original spoiler-free synopsis; facts and source; stable thumbnail; real upload date; playable language choices; previous/next links"
"episode","collection-62-episode-9","/drama/mehmed-fetihler-sultani/season-1/episode-9","published","P2","Sultan Muhammad Fateh Season 1 Episode 9 — Urdu & English Subtitles","sultan muhammad fateh season 1 episode 9 urdu subtitles","Keyword candidate; no assigned volume unless exact prior market/query match","Review actual episode; original spoiler-free synopsis; facts and source; stable thumbnail; real upload date; playable language choices; previous/next links"
"episode","collection-62-episode-10","/drama/mehmed-fetihler-sultani/season-1/episode-10","published","P2","Sultan Muhammad Fateh Season 1 Episode 10 — Urdu & English Subtitles","sultan muhammad fateh season 1 episode 10 urdu subtitles","Keyword candidate; no assigned volume unless exact prior market/query match","Review actual episode; original spoiler-free synopsis; facts and source; stable thumbnail; real upload date; playable language choices; previous/next links"
"episode","collection-62-episode-11","/drama/mehmed-fetihler-sultani/season-1/episode-11","published","P2","Sultan Muhammad Fateh Season 1 Episode 11 — Urdu & English Subtitles","sultan muhammad fateh season 1 episode 11 urdu subtitles","Keyword candidate; no assigned volume unless exact prior market/query match","Review actual episode; original spoiler-free synopsis; facts and source; stable thumbnail; real upload date; playable language choices; previous/next links"
"episode","collection-62-episode-12","/drama/mehmed-fetihler-sultani/season-1/episode-12","published","P2","Sultan Muhammad Fateh Season 1 Episode 12 — Urdu & English Subtitles","sultan muhammad fateh season 1 episode 12 urdu subtitles","Keyword candidate; no assigned volume unless exact prior market/query match","Review actual episode; original spoiler-free synopsis; facts and source; stable thumbnail; real upload date; playable language choices; previous/next links"
"episode","collection-62-episode-13","/drama/mehmed-fetihler-sultani/season-1/episode-13","published","P2","Sultan Muhammad Fateh Season 1 Episode 13 — Urdu & English Subtitles","sultan muhammad fateh season 1 episode 13 urdu subtitles","Keyword candidate; no assigned volume unless exact prior market/query match","Review actual episode; original spoiler-free synopsis; facts and source; stable thumbnail; real upload date; playable language choices; previous/next links"
"episode","collection-62-episode-14","/drama/mehmed-fetihler-sultani/season-1/episode-14","published","P2","Sultan Muhammad Fateh Season 1 Episode 14 — Urdu & English Subtitles","sultan muhammad fateh season 1 episode 14 urdu subtitles","Keyword candidate; no assigned volume unless exact prior market/query match","Review actual episode; original spoiler-free synopsis; facts and source; stable thumbnail; real upload date; playable language choices; previous/next links"
"episode","collection-62-episode-15","/drama/mehmed-fetihler-sultani/season-1/episode-15","published","P2","Sultan Muhammad Fateh Season 1 Episode 15 — Urdu & English Subtitles","sultan muhammad fateh season 1 episode 15 urdu subtitles","Keyword candidate; no assigned volume unless exact prior market/query match","Review actual episode; original spoiler-free synopsis; facts and source; stable thumbnail; real upload date; playable language choices; previous/next links"
"season","collection-68","/drama/mehmed-fetihler-sultani/season-2","published","P2","Sultan Muhammad Fateh Season 2 — Urdu & English Subtitles","sultan muhammad fateh season 2","Prior research; verify exact-query row in OpenRush CSV","Unique season overview; available episode list; verified numbering; accurate language availability"
"episode","collection-68-episode-1","/drama/mehmed-fetihler-sultani/season-2/episode-1","published","HOLD identity","Sultan Muhammad Fateh Season 2 Episode 1 — Urdu & English Subtitles","sultan muhammad fateh season 2 episode 1 urdu subtitles","Keyword candidate; no assigned volume unless exact prior market/query match","Resolve numbering or duplicate identity before indexation; preserve current URL and prepare redirect mapping. Review actual episode; original spoiler-free synopsis; facts and source; stable thumbnail; real upload date; playable language choices; previous/next links"
"episode","collection-68-episode-16","/drama/mehmed-fetihler-sultani/season-2/episode-16","published","P2","Sultan Muhammad Fateh Season 2 Episode 16 — Urdu & English Subtitles","sultan muhammad fateh season 2 episode 16 urdu subtitles","Keyword candidate; no assigned volume unless exact prior market/query match","Review actual episode; original spoiler-free synopsis; facts and source; stable thumbnail; real upload date; playable language choices; previous/next links"
"episode","collection-68-episode-17","/drama/mehmed-fetihler-sultani/season-2/episode-17","published","P2","Sultan Muhammad Fateh Season 2 Episode 17 — Urdu & English Subtitles","sultan muhammad fateh season 2 episode 17 urdu subtitles","Keyword candidate; no assigned volume unless exact prior market/query match","Review actual episode; original spoiler-free synopsis; facts and source; stable thumbnail; real upload date; playable language choices; previous/next links"
"episode","collection-68-episode-18","/drama/mehmed-fetihler-sultani/season-2/episode-18","published","P2","Sultan Muhammad Fateh Season 2 Episode 18 — Urdu & English Subtitles","sultan muhammad fateh season 2 episode 18 urdu subtitles","Keyword candidate; no assigned volume unless exact prior market/query match","Review actual episode; original spoiler-free synopsis; facts and source; stable thumbnail; real upload date; playable language choices; previous/next links"
"episode","collection-68-episode-19","/drama/mehmed-fetihler-sultani/season-2/episode-19","published","P2","Sultan Muhammad Fateh Season 2 Episode 19 — Urdu & English Subtitles","sultan muhammad fateh season 2 episode 19 urdu subtitles","Keyword candidate; no assigned volume unless exact prior market/query match","Review actual episode; original spoiler-free synopsis; facts and source; stable thumbnail; real upload date; playable language choices; previous/next links"
"episode","collection-68-episode-20","/drama/mehmed-fetihler-sultani/season-2/episode-20","published","P2","Sultan Muhammad Fateh Season 2 Episode 20 — Urdu & English Subtitles","sultan muhammad fateh season 2 episode 20 urdu subtitles","Keyword candidate; no assigned volume unless exact prior market/query match","Review actual episode; original spoiler-free synopsis; facts and source; stable thumbnail; real upload date; playable language choices; previous/next links"
"episode","collection-68-episode-21","/drama/mehmed-fetihler-sultani/season-2/episode-21","published","P2","Sultan Muhammad Fateh Season 2 Episode 21 — Urdu & English Subtitles","sultan muhammad fateh season 2 episode 21 urdu subtitles","Keyword candidate; no assigned volume unless exact prior market/query match","Review actual episode; original spoiler-free synopsis; facts and source; stable thumbnail; real upload date; playable language choices; previous/next links"
"episode","collection-68-episode-22","/drama/mehmed-fetihler-sultani/season-2/episode-22","published","P2","Sultan Muhammad Fateh Season 2 Episode 22 — Urdu & English Subtitles","sultan muhammad fateh season 2 episode 22 urdu subtitles","Keyword candidate; no assigned volume unless exact prior market/query match","Review actual episode; original spoiler-free synopsis; facts and source; stable thumbnail; real upload date; playable language choices; previous/next links"
"episode","collection-68-episode-23","/drama/mehmed-fetihler-sultani/season-2/episode-23","published","P2","Sultan Muhammad Fateh Season 2 Episode 23 — Urdu & English Subtitles","sultan muhammad fateh season 2 episode 23 urdu subtitles","Keyword candidate; no assigned volume unless exact prior market/query match","Review actual episode; original spoiler-free synopsis; facts and source; stable thumbnail; real upload date; playable language choices; previous/next links"
"episode","collection-68-episode-24","/drama/mehmed-fetihler-sultani/season-2/episode-24","published","P2","Sultan Muhammad Fateh Season 2 Episode 24 — Urdu & English Subtitles","sultan muhammad fateh season 2 episode 24 urdu subtitles","Keyword candidate; no assigned volume unless exact prior market/query match","Review actual episode; original spoiler-free synopsis; facts and source; stable thumbnail; real upload date; playable language choices; previous/next links"
"episode","collection-68-episode-25","/drama/mehmed-fetihler-sultani/season-2/episode-25","published","P2","Sultan Muhammad Fateh Season 2 Episode 25 — Urdu & English Subtitles","sultan muhammad fateh season 2 episode 25 urdu subtitles","Keyword candidate; no assigned volume unless exact prior market/query match","Review actual episode; original spoiler-free synopsis; facts and source; stable thumbnail; real upload date; playable language choices; previous/next links"
"episode","collection-68-episode-26","/drama/mehmed-fetihler-sultani/season-2/episode-26","published","P2","Sultan Muhammad Fateh Season 2 Episode 26 — Urdu & English Subtitles","sultan muhammad fateh season 2 episode 26 urdu subtitles","Keyword candidate; no assigned volume unless exact prior market/query match","Review actual episode; original spoiler-free synopsis; facts and source; stable thumbnail; real upload date; playable language choices; previous/next links"
"episode","collection-68-episode-27","/drama/mehmed-fetihler-sultani/season-2/episode-27","published","P2","Sultan Muhammad Fateh Season 2 Episode 27 — Urdu & English Subtitles","sultan muhammad fateh season 2 episode 27 urdu subtitles","Keyword candidate; no assigned volume unless exact prior market/query match","Review actual episode; original spoiler-free synopsis; facts and source; stable thumbnail; real upload date; playable language choices; previous/next links"
"episode","collection-68-episode-28","/drama/mehmed-fetihler-sultani/season-2/episode-28","published","P2","Sultan Muhammad Fateh Season 2 Episode 28 — Urdu & English Subtitles","sultan muhammad fateh season 2 episode 28 urdu subtitles","Keyword candidate; no assigned volume unless exact prior market/query match","Review actual episode; original spoiler-free synopsis; facts and source; stable thumbnail; real upload date; playable language choices; previous/next links"
"episode","collection-68-episode-29","/drama/mehmed-fetihler-sultani/season-2/episode-29","published","P2","Sultan Muhammad Fateh Season 2 Episode 29 — Urdu & English Subtitles","sultan muhammad fateh season 2 episode 29 urdu subtitles","Keyword candidate; no assigned volume unless exact prior market/query match","Review actual episode; original spoiler-free synopsis; facts and source; stable thumbnail; real upload date; playable language choices; previous/next links"
"episode","collection-68-episode-30","/drama/mehmed-fetihler-sultani/season-2/episode-30","published","P2","Sultan Muhammad Fateh Season 2 Episode 30 — Urdu & English Subtitles","sultan muhammad fateh season 2 episode 30 urdu subtitles","Keyword candidate; no assigned volume unless exact prior market/query match","Review actual episode; original spoiler-free synopsis; facts and source; stable thumbnail; real upload date; playable language choices; previous/next links"
"episode","collection-68-episode-31","/drama/mehmed-fetihler-sultani/season-2/episode-31","published","P2","Sultan Muhammad Fateh Season 2 Episode 31 — Urdu & English Subtitles","sultan muhammad fateh season 2 episode 31 urdu subtitles","Keyword candidate; no assigned volume unless exact prior market/query match","Review actual episode; original spoiler-free synopsis; facts and source; stable thumbnail; real upload date; playable language choices; previous/next links"
"episode","collection-68-episode-32","/drama/mehmed-fetihler-sultani/season-2/episode-32","published","P2","Sultan Muhammad Fateh Season 2 Episode 32 — Urdu & English Subtitles","sultan muhammad fateh season 2 episode 32 urdu subtitles","Keyword candidate; no assigned volume unless exact prior market/query match","Review actual episode; original spoiler-free synopsis; facts and source; stable thumbnail; real upload date; playable language choices; previous/next links"
"episode","collection-68-episode-33","/drama/mehmed-fetihler-sultani/season-2/episode-33","published","P2","Sultan Muhammad Fateh Season 2 Episode 33 — Urdu & English Subtitles","sultan muhammad fateh season 2 episode 33 urdu subtitles","Keyword candidate; no assigned volume unless exact prior market/query match","Review actual episode; original spoiler-free synopsis; facts and source; stable thumbnail; real upload date; playable language choices; previous/next links"
"episode","collection-68-episode-34","/drama/mehmed-fetihler-sultani/season-2/episode-34","published","P2","Sultan Muhammad Fateh Season 2 Episode 34 — Urdu & English Subtitles","sultan muhammad fateh season 2 episode 34 urdu subtitles","Keyword candidate; no assigned volume unless exact prior market/query match","Review actual episode; original spoiler-free synopsis; facts and source; stable thumbnail; real upload date; playable language choices; previous/next links"
"episode","collection-68-episode-35","/drama/mehmed-fetihler-sultani/season-2/episode-35","published","P2","Sultan Muhammad Fateh Season 2 Episode 35 — Urdu & English Subtitles","sultan muhammad fateh season 2 episode 35 urdu subtitles","Keyword candidate; no assigned volume unless exact prior market/query match","Review actual episode; original spoiler-free synopsis; facts and source; stable thumbnail; real upload date; playable language choices; previous/next links"
"episode","collection-68-episode-36","/drama/mehmed-fetihler-sultani/season-2/episode-36","published","P2","Sultan Muhammad Fateh Season 2 Episode 36 — Urdu & English Subtitles","sultan muhammad fateh season 2 episode 36 urdu subtitles","Keyword candidate; no assigned volume unless exact prior market/query match","Review actual episode; original spoiler-free synopsis; facts and source; stable thumbnail; real upload date; playable language choices; previous/next links"
"episode","collection-68-episode-37","/drama/mehmed-fetihler-sultani/season-2/episode-37","published","P2","Sultan Muhammad Fateh Season 2 Episode 37 — Urdu & English Subtitles","sultan muhammad fateh season 2 episode 37 urdu subtitles","Keyword candidate; no assigned volume unless exact prior market/query match","Review actual episode; original spoiler-free synopsis; facts and source; stable thumbnail; real upload date; playable language choices; previous/next links"
"episode","collection-68-episode-38","/drama/mehmed-fetihler-sultani/season-2/episode-38","published","P2","Sultan Muhammad Fateh Season 2 Episode 38 — Urdu & English Subtitles","sultan muhammad fateh season 2 episode 38 urdu subtitles","Keyword candidate; no assigned volume unless exact prior market/query match","Review actual episode; original spoiler-free synopsis; facts and source; stable thumbnail; real upload date; playable language choices; previous/next links"
"episode","collection-68-episode-39","/drama/mehmed-fetihler-sultani/season-2/episode-39","published","P2","Sultan Muhammad Fateh Season 2 Episode 39 — Urdu & English Subtitles","sultan muhammad fateh season 2 episode 39 urdu subtitles","Keyword candidate; no assigned volume unless exact prior market/query match","Review actual episode; original spoiler-free synopsis; facts and source; stable thumbnail; real upload date; playable language choices; previous/next links"
"episode","collection-68-episode-40","/drama/mehmed-fetihler-sultani/season-2/episode-40","published","P2","Sultan Muhammad Fateh Season 2 Episode 40 — Urdu & English Subtitles","sultan muhammad fateh season 2 episode 40 urdu subtitles","Keyword candidate; no assigned volume unless exact prior market/query match","Review actual episode; original spoiler-free synopsis; facts and source; stable thumbnail; real upload date; playable language choices; previous/next links"
"episode","collection-68-episode-41","/drama/mehmed-fetihler-sultani/season-2/episode-41","published","P2","Sultan Muhammad Fateh Season 2 Episode 41 — Urdu & English Subtitles","sultan muhammad fateh season 2 episode 41 urdu subtitles","Keyword candidate; no assigned volume unless exact prior market/query match","Review actual episode; original spoiler-free synopsis; facts and source; stable thumbnail; real upload date; playable language choices; previous/next links"
"episode","collection-68-episode-42","/drama/mehmed-fetihler-sultani/season-2/episode-42","published","P2","Sultan Muhammad Fateh Season 2 Episode 42 — Urdu & English Subtitles","sultan muhammad fateh season 2 episode 42 urdu subtitles","Keyword candidate; no assigned volume unless exact prior market/query match","Review actual episode; original spoiler-free synopsis; facts and source; stable thumbnail; real upload date; playable language choices; previous/next links"
"episode","collection-68-episode-43","/drama/mehmed-fetihler-sultani/season-2/episode-43","published","P2","Sultan Muhammad Fateh Season 2 Episode 43 — Urdu & English Subtitles","sultan muhammad fateh season 2 episode 43 urdu subtitles","Keyword candidate; no assigned volume unless exact prior market/query match","Review actual episode; original spoiler-free synopsis; facts and source; stable thumbnail; real upload date; playable language choices; previous/next links"
"episode","collection-68-episode-44","/drama/mehmed-fetihler-sultani/season-2/episode-44","published","P2","Sultan Muhammad Fateh Season 2 Episode 44 — Urdu & English Subtitles","sultan muhammad fateh season 2 episode 44 urdu subtitles","Keyword candidate; no assigned volume unless exact prior market/query match","Review actual episode; original spoiler-free synopsis; facts and source; stable thumbnail; real upload date; playable language choices; previous/next links"
"episode","collection-68-episode-45","/drama/mehmed-fetihler-sultani/season-2/episode-45","published","P2","Sultan Muhammad Fateh Season 2 Episode 45 — Urdu & English Subtitles","sultan muhammad fateh season 2 episode 45 urdu subtitles","Keyword candidate; no assigned volume unless exact prior market/query match","Review actual episode; original spoiler-free synopsis; facts and source; stable thumbnail; real upload date; playable language choices; previous/next links"
"episode","collection-68-episode-46","/drama/mehmed-fetihler-sultani/season-2/episode-46","published","P2","Sultan Muhammad Fateh Season 2 Episode 46 — Urdu & English Subtitles","sultan muhammad fateh season 2 episode 46 urdu subtitles","Keyword candidate; no assigned volume unless exact prior market/query match","Review actual episode; original spoiler-free synopsis; facts and source; stable thumbnail; real upload date; playable language choices; previous/next links"
"episode","collection-68-episode-47","/drama/mehmed-fetihler-sultani/season-2/episode-47","published","P2","Sultan Muhammad Fateh Season 2 Episode 47 — Urdu & English Subtitles","sultan muhammad fateh season 2 episode 47 urdu subtitles","Keyword candidate; no assigned volume unless exact prior market/query match","Review actual episode; original spoiler-free synopsis; facts and source; stable thumbnail; real upload date; playable language choices; previous/next links"
"episode","collection-68-episode-48","/drama/mehmed-fetihler-sultani/season-2/episode-48","published","P2","Sultan Muhammad Fateh Season 2 Episode 48 — Urdu & English Subtitles","sultan muhammad fateh season 2 episode 48 urdu subtitles","Keyword candidate; no assigned volume unless exact prior market/query match","Review actual episode; original spoiler-free synopsis; facts and source; stable thumbnail; real upload date; playable language choices; previous/next links"
"episode","collection-68-bolum-149","/drama/mehmed-fetihler-sultani/season-2/episode-49","published","HOLD identity","Sultan Muhammad Fateh Season 2 Episode 49 — Urdu & English Subtitles","sultan muhammad fateh season 2 episode 49 urdu subtitles","Keyword candidate; no assigned volume unless exact prior market/query match","Resolve numbering or duplicate identity before indexation; preserve current URL and prepare redirect mapping. Review actual episode; original spoiler-free synopsis; facts and source; stable thumbnail; real upload date; playable language choices; previous/next links"
"episode","collection-68-bolum-49","/drama/mehmed-fetihler-sultani/season-2/episode-49-b","published","HOLD identity","Sultan Muhammad Fateh Season 2 Episode 49 — Urdu & English Subtitles","sultan muhammad fateh season 2 episode 49 urdu subtitles","Keyword candidate; no assigned volume unless exact prior market/query match","Resolve numbering or duplicate identity before indexation; preserve current URL and prepare redirect mapping. Review actual episode; original spoiler-free synopsis; facts and source; stable thumbnail; real upload date; playable language choices; previous/next links"
"season","collection-76","/drama/mehmed-fetihler-sultani/season-3","published","P1","Sultan Muhammad Fateh Season 3 — Urdu & English Subtitles","sultan muhammad fateh season 3","Prior research; verify exact-query row in OpenRush CSV","Unique season overview; available episode list; verified numbering; accurate language availability"
"episode","collection-76-episode-50","/drama/mehmed-fetihler-sultani/season-3/episode-50","published","P2","Sultan Muhammad Fateh Season 3 Episode 50 — Urdu & English Subtitles","sultan muhammad fateh season 3 episode 50 urdu subtitles","Keyword candidate; no assigned volume unless exact prior market/query match","Review actual episode; original spoiler-free synopsis; facts and source; stable thumbnail; real upload date; playable language choices; previous/next links"
"episode","collection-76-episode-51","/drama/mehmed-fetihler-sultani/season-3/episode-51","published","P2","Sultan Muhammad Fateh Season 3 Episode 51 — Urdu & English Subtitles","sultan muhammad fateh season 3 episode 51 urdu subtitles","Keyword candidate; no assigned volume unless exact prior market/query match","Review actual episode; original spoiler-free synopsis; facts and source; stable thumbnail; real upload date; playable language choices; previous/next links"
"episode","collection-76-bolum-52","/drama/mehmed-fetihler-sultani/season-3/episode-52","published","HOLD identity","Sultan Muhammad Fateh Season 3 Episode 52 — Urdu & English Subtitles","sultan muhammad fateh season 3 episode 52 urdu subtitles","Keyword candidate; no assigned volume unless exact prior market/query match","Resolve numbering or duplicate identity before indexation; preserve current URL and prepare redirect mapping. Review actual episode; original spoiler-free synopsis; facts and source; stable thumbnail; real upload date; playable language choices; previous/next links"
"episode","collection-76-episode-52","/drama/mehmed-fetihler-sultani/season-3/episode-52-b","published","HOLD identity","Sultan Muhammad Fateh Season 3 Episode 52 — Urdu & English Subtitles","sultan muhammad fateh season 3 episode 52 urdu subtitles","Keyword candidate; no assigned volume unless exact prior market/query match","Resolve numbering or duplicate identity before indexation; preserve current URL and prepare redirect mapping. Review actual episode; original spoiler-free synopsis; facts and source; stable thumbnail; real upload date; playable language choices; previous/next links"
"episode","collection-76-episode-53","/drama/mehmed-fetihler-sultani/season-3/episode-53","published","P2","Sultan Muhammad Fateh Season 3 Episode 53 — Urdu & English Subtitles","sultan muhammad fateh season 3 episode 53 urdu subtitles","Keyword candidate; no assigned volume unless exact prior market/query match","Review actual episode; original spoiler-free synopsis; facts and source; stable thumbnail; real upload date; playable language choices; previous/next links"
"episode","collection-76-episode-54","/drama/mehmed-fetihler-sultani/season-3/episode-54","published","P2","Sultan Muhammad Fateh Season 3 Episode 54 — Urdu & English Subtitles","sultan muhammad fateh season 3 episode 54 urdu subtitles","Keyword candidate; no assigned volume unless exact prior market/query match","Review actual episode; original spoiler-free synopsis; facts and source; stable thumbnail; real upload date; playable language choices; previous/next links"
"episode","collection-76-episode-55","/drama/mehmed-fetihler-sultani/season-3/episode-55","published","P2","Sultan Muhammad Fateh Season 3 Episode 55 — Urdu & English Subtitles","sultan muhammad fateh season 3 episode 55 urdu subtitles","Keyword candidate; no assigned volume unless exact prior market/query match","Review actual episode; original spoiler-free synopsis; facts and source; stable thumbnail; real upload date; playable language choices; previous/next links"
"episode","collection-76-episode-56","/drama/mehmed-fetihler-sultani/season-3/episode-56","published","P2","Sultan Muhammad Fateh Season 3 Episode 56 — Urdu & English Subtitles","sultan muhammad fateh season 3 episode 56 urdu subtitles","Keyword candidate; no assigned volume unless exact prior market/query match","Review actual episode; original spoiler-free synopsis; facts and source; stable thumbnail; real upload date; playable language choices; previous/next links"
"episode","collection-76-episode-57","/drama/mehmed-fetihler-sultani/season-3/episode-57","published","P2","Sultan Muhammad Fateh Season 3 Episode 57 — Urdu & English Subtitles","sultan muhammad fateh season 3 episode 57 urdu subtitles","Keyword candidate; no assigned volume unless exact prior market/query match","Review actual episode; original spoiler-free synopsis; facts and source; stable thumbnail; real upload date; playable language choices; previous/next links"
"episode","collection-76-episode-58","/drama/mehmed-fetihler-sultani/season-3/episode-58","published","P2","Sultan Muhammad Fateh Season 3 Episode 58 — Urdu & English Subtitles","sultan muhammad fateh season 3 episode 58 urdu subtitles","Keyword candidate; no assigned volume unless exact prior market/query match","Review actual episode; original spoiler-free synopsis; facts and source; stable thumbnail; real upload date; playable language choices; previous/next links"
"episode","collection-76-episode-59","/drama/mehmed-fetihler-sultani/season-3/episode-59","published","P2","Sultan Muhammad Fateh Season 3 Episode 59 — Urdu & English Subtitles","sultan muhammad fateh season 3 episode 59 urdu subtitles","Keyword candidate; no assigned volume unless exact prior market/query match","Review actual episode; original spoiler-free synopsis; facts and source; stable thumbnail; real upload date; playable language choices; previous/next links"
"episode","collection-76-episode-60","/drama/mehmed-fetihler-sultani/season-3/episode-60","published","P2","Sultan Muhammad Fateh Season 3 Episode 60 — Urdu & English Subtitles","sultan muhammad fateh season 3 episode 60 urdu subtitles","Keyword candidate; no assigned volume unless exact prior market/query match","Review actual episode; original spoiler-free synopsis; facts and source; stable thumbnail; real upload date; playable language choices; previous/next links"
"episode","collection-76-bolum-61","/drama/mehmed-fetihler-sultani/season-3/episode-61","published","HOLD identity","Sultan Muhammad Fateh Season 3 Episode 61 — Urdu & English Subtitles","sultan muhammad fateh season 3 episode 61 urdu subtitles","Keyword candidate; no assigned volume unless exact prior market/query match","Resolve numbering or duplicate identity before indexation; preserve current URL and prepare redirect mapping. Review actual episode; original spoiler-free synopsis; facts and source; stable thumbnail; real upload date; playable language choices; previous/next links"
"episode","collection-76-episode-61","/drama/mehmed-fetihler-sultani/season-3/episode-61-b","published","HOLD identity","Sultan Muhammad Fateh Season 3 Episode 61 — Urdu & English Subtitles","sultan muhammad fateh season 3 episode 61 urdu subtitles","Keyword candidate; no assigned volume unless exact prior market/query match","Resolve numbering or duplicate identity before indexation; preserve current URL and prepare redirect mapping. Review actual episode; original spoiler-free synopsis; facts and source; stable thumbnail; real upload date; playable language choices; previous/next links"
"episode","collection-76-bolum-62","/drama/mehmed-fetihler-sultani/season-3/episode-62","published","P2","Sultan Muhammad Fateh Season 3 Episode 62 — Urdu & English Subtitles","sultan muhammad fateh season 3 episode 62 urdu subtitles","Keyword candidate; no assigned volume unless exact prior market/query match","Review actual episode; original spoiler-free synopsis; facts and source; stable thumbnail; real upload date; playable language choices; previous/next links"
"episode","collection-76-bolum-63","/drama/mehmed-fetihler-sultani/season-3/episode-63","published","P1 measured candidate","Sultan Muhammad Fateh Season 3 Episode 63 — Urdu & English Subtitles","sultan muhammad fateh season 3 episode 63 urdu subtitles","Keyword candidate; no assigned volume unless exact prior market/query match","Review actual episode; original spoiler-free synopsis; facts and source; stable thumbnail; real upload date; playable language choices; previous/next links"
"episode","collection-76-bolum-64","/drama/mehmed-fetihler-sultani/season-3/episode-64","published","HOLD affected rendition","Sultan Muhammad Fateh Season 3 Episode 64 — Urdu & English Subtitles","sultan muhammad fateh season 3 episode 64 urdu subtitles","Keyword candidate; no assigned volume unless exact prior market/query match","Recheck unavailable streams; do not promise unavailable languages. Review actual episode; original spoiler-free synopsis; facts and source; stable thumbnail; real upload date; playable language choices; previous/next links"
"episode","collection-76-bolum-65","/drama/mehmed-fetihler-sultani/season-3/episode-65","published","HOLD affected rendition","Sultan Muhammad Fateh Season 3 Episode 65 — Urdu & English Subtitles","sultan muhammad fateh season 3 episode 65 urdu subtitles","Keyword candidate; no assigned volume unless exact prior market/query match","Recheck unavailable streams; do not promise unavailable languages. Review actual episode; original spoiler-free synopsis; facts and source; stable thumbnail; real upload date; playable language choices; previous/next links"
"episode","collection-76-bolum-66","/drama/mehmed-fetihler-sultani/season-3/episode-66","published","P2","Sultan Muhammad Fateh Season 3 Episode 66 — Urdu & English Subtitles","sultan muhammad fateh season 3 episode 66 urdu subtitles","Keyword candidate; no assigned volume unless exact prior market/query match","Review actual episode; original spoiler-free synopsis; facts and source; stable thumbnail; real upload date; playable language choices; previous/next links"
"episode","collection-76-bolum-67","/drama/mehmed-fetihler-sultani/season-3/episode-67","published","P2","Sultan Muhammad Fateh Season 3 Episode 67 — Urdu & English Subtitles","sultan muhammad fateh season 3 episode 67 urdu subtitles","Keyword candidate; no assigned volume unless exact prior market/query match","Review actual episode; original spoiler-free synopsis; facts and source; stable thumbnail; real upload date; playable language choices; previous/next links"
"episode","collection-76-bolum-68","/drama/mehmed-fetihler-sultani/season-3/episode-68","published","P2","Sultan Muhammad Fateh Season 3 Episode 68 — Urdu & English Subtitles","sultan muhammad fateh season 3 episode 68 urdu subtitles","Keyword candidate; no assigned volume unless exact prior market/query match","Review actual episode; original spoiler-free synopsis; facts and source; stable thumbnail; real upload date; playable language choices; previous/next links"
"episode","collection-76-bolum-69","/drama/mehmed-fetihler-sultani/season-3/episode-69","published","HOLD affected rendition","Sultan Muhammad Fateh Season 3 Episode 69 — Urdu & English Subtitles","sultan muhammad fateh season 3 episode 69 urdu subtitles","Keyword candidate; no assigned volume unless exact prior market/query match","Recheck unavailable streams; do not promise unavailable languages. Review actual episode; original spoiler-free synopsis; facts and source; stable thumbnail; real upload date; playable language choices; previous/next links"
"episode","collection-76-bolum-70","/drama/mehmed-fetihler-sultani/season-3/episode-70","published","P1 measured candidate","Sultan Muhammad Fateh Season 3 Episode 70 — Urdu & English Subtitles","sultan muhammad fateh season 3 episode 70 urdu subtitles","Keyword candidate; no assigned volume unless exact prior market/query match","Review actual episode; original spoiler-free synopsis; facts and source; stable thumbnail; real upload date; playable language choices; previous/next links"
"episode","collection-76-bolum-71","/drama/mehmed-fetihler-sultani/season-3/episode-71","published","P1 measured candidate","Sultan Muhammad Fateh Season 3 Episode 71 — Urdu & English Subtitles","sultan muhammad fateh season 3 episode 71 urdu subtitles","Keyword candidate; no assigned volume unless exact prior market/query match","Review actual episode; original spoiler-free synopsis; facts and source; stable thumbnail; real upload date; playable language choices; previous/next links"
"episode","collection-76-bolum-72","/drama/mehmed-fetihler-sultani/season-3/episode-72","published","P1 measured candidate","Sultan Muhammad Fateh Season 3 Episode 72 — Urdu & English Subtitles","sultan muhammad fateh season 3 episode 72 urdu subtitles","Keyword candidate; no assigned volume unless exact prior market/query match","Review actual episode; original spoiler-free synopsis; facts and source; stable thumbnail; real upload date; playable language choices; previous/next links"
"episode","collection-76-episode-73","/drama/mehmed-fetihler-sultani/season-3/episode-73","published","P1 measured candidate","Sultan Muhammad Fateh Season 3 Episode 73 — Urdu & English Subtitles","sultan muhammad fateh season 3 episode 73 urdu subtitles","Keyword candidate; no assigned volume unless exact prior market/query match","Review actual episode; original spoiler-free synopsis; facts and source; stable thumbnail; real upload date; playable language choices; previous/next links"
"episode","collection-76-episode-74","/drama/mehmed-fetihler-sultani/season-3/episode-74","published","P1 measured candidate","Sultan Muhammad Fateh Season 3 Episode 74 — Urdu & English Subtitles","sultan muhammad fateh season 3 episode 74 urdu subtitles","Keyword candidate; no assigned volume unless exact prior market/query match","Review actual episode; original spoiler-free synopsis; facts and source; stable thumbnail; real upload date; playable language choices; previous/next links"
"episode","collection-76-episode-75","/drama/mehmed-fetihler-sultani/season-3/episode-75","published","P2","Sultan Muhammad Fateh Season 3 Episode 75 — Urdu & English Subtitles","sultan muhammad fateh season 3 episode 75 urdu subtitles","Keyword candidate; no assigned volume unless exact prior market/query match","Review actual episode; original spoiler-free synopsis; facts and source; stable thumbnail; real upload date; playable language choices; previous/next links"
"episode","collection-76-episode-76","/drama/mehmed-fetihler-sultani/season-3/episode-76","published","P2","Sultan Muhammad Fateh Season 3 Episode 76 — Urdu & English Subtitles","sultan muhammad fateh season 3 episode 76 urdu subtitles","Keyword candidate; no assigned volume unless exact prior market/query match","Review actual episode; original spoiler-free synopsis; facts and source; stable thumbnail; real upload date; playable language choices; previous/next links"
"episode","collection-76-episode-77","/drama/mehmed-fetihler-sultani/season-3/episode-77","published","P2","Sultan Muhammad Fateh Season 3 Episode 77 — Urdu & English Subtitles","sultan muhammad fateh season 3 episode 77 urdu subtitles","Keyword candidate; no assigned volume unless exact prior market/query match","Review actual episode; original spoiler-free synopsis; facts and source; stable thumbnail; real upload date; playable language choices; previous/next links"
"episode","collection-76-episode-78","/drama/mehmed-fetihler-sultani/season-3/episode-78","published","P2","Sultan Muhammad Fateh Season 3 Episode 78 — Urdu & English Subtitles","sultan muhammad fateh season 3 episode 78 urdu subtitles","Keyword candidate; no assigned volume unless exact prior market/query match","Review actual episode; original spoiler-free synopsis; facts and source; stable thumbnail; real upload date; playable language choices; previous/next links"
"episode","collection-76-episode-79","/drama/mehmed-fetihler-sultani/season-3/episode-79","published","P2","Sultan Muhammad Fateh Season 3 Episode 79 — Urdu & English Subtitles","sultan muhammad fateh season 3 episode 79 urdu subtitles","Keyword candidate; no assigned volume unless exact prior market/query match","Review actual episode; original spoiler-free synopsis; facts and source; stable thumbnail; real upload date; playable language choices; previous/next links"
"episode","collection-76-episode-80","/drama/mehmed-fetihler-sultani/season-3/episode-80","published","P2","Sultan Muhammad Fateh Season 3 Episode 80 — Urdu & English Subtitles","sultan muhammad fateh season 3 episode 80 urdu subtitles","Keyword candidate; no assigned volume unless exact prior market/query match","Review actual episode; original spoiler-free synopsis; facts and source; stable thumbnail; real upload date; playable language choices; previous/next links"
"episode","collection-76-episode-81","/drama/mehmed-fetihler-sultani/season-3/episode-81","published","P2","Sultan Muhammad Fateh Season 3 Episode 81 — Urdu & English Subtitles","sultan muhammad fateh season 3 episode 81 urdu subtitles","Keyword candidate; no assigned volume unless exact prior market/query match","Review actual episode; original spoiler-free synopsis; facts and source; stable thumbnail; real upload date; playable language choices; previous/next links"
"episode","collection-76-episode-82","/drama/mehmed-fetihler-sultani/season-3/episode-82","published","P1 measured candidate","Sultan Muhammad Fateh Season 3 Episode 82 — Urdu & English Subtitles","sultan muhammad fateh season 3 episode 82 urdu subtitles","Keyword candidate; no assigned volume unless exact prior market/query match","Review actual episode; original spoiler-free synopsis; facts and source; stable thumbnail; real upload date; playable language choices; previous/next links"
"episode","collection-76-episode-83","/drama/mehmed-fetihler-sultani/season-3/episode-83","published","P2","Sultan Muhammad Fateh Season 3 Episode 83 — Urdu & English Subtitles","sultan muhammad fateh season 3 episode 83 urdu subtitles","Keyword candidate; no assigned volume unless exact prior market/query match","Review actual episode; original spoiler-free synopsis; facts and source; stable thumbnail; real upload date; playable language choices; previous/next links"
"season","collection-88","/drama/mehmed-fetihler-sultani/season-4/urdu-dubbed","published","P1 freshness","Sultan Muhammad Fateh Season 4 — Urdu Dubbed","sultan muhammad fateh season 4 urdu dubbed","Prior research; verify exact-query row in OpenRush CSV","Unique season overview; available episode list; verified numbering; accurate language availability"
"episode","collection-88-bolum-84","/drama/mehmed-fetihler-sultani/season-4/urdu-dubbed/episode-1","published","P1 freshness","Sultan Muhammad Fateh Season 4 Episode 1 — Urdu Dubbed","sultan muhammad fateh season 4 episode 1 urdu dubbed","Keyword candidate; no assigned volume unless exact prior market/query match","Verify source Season 4 label and local 1 / broadcast 84 identity. Review actual episode; original spoiler-free synopsis; facts and source; stable thumbnail; real upload date; playable language choices; previous/next links"
"episode","collection-88-bolum-85","/drama/mehmed-fetihler-sultani/season-4/urdu-dubbed/episode-2","published","P1 freshness","Sultan Muhammad Fateh Season 4 Episode 2 — Urdu Dubbed","sultan muhammad fateh season 4 episode 2 urdu dubbed","Keyword candidate; no assigned volume unless exact prior market/query match","Verify source Season 4 label and local 2 / broadcast 85 identity. Review actual episode; original spoiler-free synopsis; facts and source; stable thumbnail; real upload date; playable language choices; previous/next links"
"season","collection-82","/drama/mehmed-fetihler-sultani/season-4","published","P1 freshness","Sultan Muhammad Fateh Season 4 — Urdu & English Subtitles","sultan muhammad fateh season 4","Prior research; verify exact-query row in OpenRush CSV","Unique season overview; available episode list; verified numbering; accurate language availability"
"episode","collection-82-bolum-84","/drama/mehmed-fetihler-sultani/season-4/episode-1","published","P1 freshness","Sultan Muhammad Fateh Season 4 Episode 1 — Urdu & English Subtitles","sultan muhammad fateh season 4 episode 1 urdu subtitles","Keyword candidate; no assigned volume unless exact prior market/query match","Verify source Season 4 label and local 1 / broadcast 84 identity. Review actual episode; original spoiler-free synopsis; facts and source; stable thumbnail; real upload date; playable language choices; previous/next links"
"episode","collection-82-bolum-85","/drama/mehmed-fetihler-sultani/season-4/episode-2","published","P1 freshness","Sultan Muhammad Fateh Season 4 Episode 2 — Urdu & English Subtitles","sultan muhammad fateh season 4 episode 2 urdu subtitles","Keyword candidate; no assigned volume unless exact prior market/query match","Verify source Season 4 label and local 2 / broadcast 85 identity. Review actual episode; original spoiler-free synopsis; facts and source; stable thumbnail; real upload date; playable language choices; previous/next links"
"episode","collection-82-bolum-86","/drama/mehmed-fetihler-sultani/season-4/episode-3","published","P1 freshness","Sultan Muhammad Fateh Season 4 Episode 3 — Urdu & English Subtitles","sultan muhammad fateh season 4 episode 3 urdu subtitles","Keyword candidate; no assigned volume unless exact prior market/query match","Verify source Season 4 label and local 3 / broadcast 86 identity. Review actual episode; original spoiler-free synopsis; facts and source; stable thumbnail; real upload date; playable language choices; previous/next links"
