"type","collection_id","episode_group_id","relative_url","catalog_label","subtitle_languages","proposed_title","keyword_candidates","validation"
"drama","","","/drama/mehmed-fetihler-sultani","Mehmed: Fetihler Sultani","","Sultan Muhammad Fateh (Mehmed) — Urdu & English Subtitles | Great Nation","sultan muhammad fateh; sultan muhammad fatih; mehmed fetihler sultani","Provisional wording; search volumes unavailable; verify live availability"
"season","collection-72","","/drama/mehmed-fetihler-sultani/season-1/urdu-dubbed","Mehmed Fetihler Sultani Season 1 Urdu Dubbed","Urdu","Sultan Muhammad Fateh Season 1 — Urdu Dubbed | Great Nation","sultan muhammad fateh season 1; mehmed fetihler sultani season 1 urdu dubbed","Local catalog only; confirm live publication and per-episode languages"
"episode","collection-72","collection-72-episode-1","/drama/mehmed-fetihler-sultani/season-1/urdu-dubbed/episode-1","Episode 1","Urdu","Sultan Muhammad Fateh S1 Episode 1 — Urdu Dubbed | Great Nation","sultan muhammad fateh season 1 Episode 1; mehmed fetihler sultani Episode 1 urdu dubbed","Preserve existing numbering; validate against TRT and live records; no volume data"
"episode","collection-72","collection-72-episode-2","/drama/mehmed-fetihler-sultani/season-1/urdu-dubbed/episode-2","Episode 2","Urdu","Sultan Muhammad Fateh S1 Episode 2 — Urdu Dubbed | Great Nation","sultan muhammad fateh season 1 Episode 2; mehmed fetihler sultani Episode 2 urdu dubbed","Preserve existing numbering; validate against TRT and live records; no volume data"
"episode","collection-72","collection-72-episode-3","/drama/mehmed-fetihler-sultani/season-1/urdu-dubbed/episode-3","Episode 3","Urdu","Sultan Muhammad Fateh S1 Episode 3 — Urdu Dubbed | Great Nation","sultan muhammad fateh season 1 Episode 3; mehmed fetihler sultani Episode 3 urdu dubbed","Preserve existing numbering; validate against TRT and live records; no volume data"
"episode","collection-72","collection-72-episode-4","/drama/mehmed-fetihler-sultani/season-1/urdu-dubbed/episode-4","Episode 4","Urdu","Sultan Muhammad Fateh S1 Episode 4 — Urdu Dubbed | Great Nation","sultan muhammad fateh season 1 Episode 4; mehmed fetihler sultani Episode 4 urdu dubbed","Preserve existing numbering; validate against TRT and live records; no volume data"
"episode","collection-72","collection-72-episode-5","/drama/mehmed-fetihler-sultani/season-1/urdu-dubbed/episode-5","Episode 5","Urdu","Sultan Muhammad Fateh S1 Episode 5 — Urdu Dubbed | Great Nation","sultan muhammad fateh season 1 Episode 5; mehmed fetihler sultani Episode 5 urdu dubbed","Preserve existing numbering; validate against TRT and live records; no volume data"
"episode","collection-72","collection-72-episode-6","/drama/mehmed-fetihler-sultani/season-1/urdu-dubbed/episode-6","Episode 6","Urdu","Sultan Muhammad Fateh S1 Episode 6 — Urdu Dubbed | Great Nation","sultan muhammad fateh season 1 Episode 6; mehmed fetihler sultani Episode 6 urdu dubbed","Preserve existing numbering; validate against TRT and live records; no volume data"
"episode","collection-72","collection-72-episode-7","/drama/mehmed-fetihler-sultani/season-1/urdu-dubbed/episode-7","Episode 7","Urdu","Sultan Muhammad Fateh S1 Episode 7 — Urdu Dubbed | Great Nation","sultan muhammad fateh season 1 Episode 7; mehmed fetihler sultani Episode 7 urdu dubbed","Preserve existing numbering; validate against TRT and live records; no volume data"
"episode","collection-72","collection-72-episode-8","/drama/mehmed-fetihler-sultani/season-1/urdu-dubbed/episode-8","Episode 8","Urdu","Sultan Muhammad Fateh S1 Episode 8 — Urdu Dubbed | Great Nation","sultan muhammad fateh season 1 Episode 8; mehmed fetihler sultani Episode 8 urdu dubbed","Preserve existing numbering; validate against TRT and live records; no volume data"
"season","collection-62","","/drama/mehmed-fetihler-sultani/season-1","Mehmed: Fetihler Sultani - Urdu & English Subtitles","Urdu; English","Sultan Muhammad Fateh Season 1 — Urdu & English Subtitles | Great Nation","sultan muhammad fateh season 1; mehmed fetihler sultani season 1 urdu subtitles; english subtitles","Local catalog only; confirm live publication and per-episode languages"
"episode","collection-62","collection-62-episode-1","/drama/mehmed-fetihler-sultani/season-1/episode-1","Episode 1","Urdu; English","Sultan Muhammad Fateh S1 Episode 1 — Urdu & English Subtitles | Great Nation","sultan muhammad fateh season 1 Episode 1; mehmed fetihler sultani Episode 1 urdu subtitles; english subtitles","Preserve existing numbering; validate against TRT and live records; no volume data"
"episode","collection-62","collection-62-episode-2","/drama/mehmed-fetihler-sultani/season-1/episode-2","Episode 2","Urdu; English","Sultan Muhammad Fateh S1 Episode 2 — Urdu & English Subtitles | Great Nation","sultan muhammad fateh season 1 Episode 2; mehmed fetihler sultani Episode 2 urdu subtitles; english subtitles","Preserve existing numbering; validate against TRT and live records; no volume data"
"episode","collection-62","collection-62-episode-3","/drama/mehmed-fetihler-sultani/season-1/episode-3","Episode 3","Urdu; English","Sultan Muhammad Fateh S1 Episode 3 — Urdu & English Subtitles | Great Nation","sultan muhammad fateh season 1 Episode 3; mehmed fetihler sultani Episode 3 urdu subtitles; english subtitles","Preserve existing numbering; validate against TRT and live records; no volume data"
"episode","collection-62","collection-62-episode-4","/drama/mehmed-fetihler-sultani/season-1/episode-4","Episode 4","Urdu; English","Sultan Muhammad Fateh S1 Episode 4 — Urdu & English Subtitles | Great Nation","sultan muhammad fateh season 1 Episode 4; mehmed fetihler sultani Episode 4 urdu subtitles; english subtitles","Preserve existing numbering; validate against TRT and live records; no volume data"
"episode","collection-62","collection-62-episode-5","/drama/mehmed-fetihler-sultani/season-1/episode-5","Episode 5","Urdu; English","Sultan Muhammad Fateh S1 Episode 5 — Urdu & English Subtitles | Great Nation","sultan muhammad fateh season 1 Episode 5; mehmed fetihler sultani Episode 5 urdu subtitles; english subtitles","Preserve existing numbering; validate against TRT and live records; no volume data"
"episode","collection-62","collection-62-episode-6","/drama/mehmed-fetihler-sultani/season-1/episode-6","Episode 6","Urdu; English","Sultan Muhammad Fateh S1 Episode 6 — Urdu & English Subtitles | Great Nation","sultan muhammad fateh season 1 Episode 6; mehmed fetihler sultani Episode 6 urdu subtitles; english subtitles","Preserve existing numbering; validate against TRT and live records; no volume data"
"episode","collection-62","collection-62-episode-7","/drama/mehmed-fetihler-sultani/season-1/episode-7","Episode 7","Urdu; English","Sultan Muhammad Fateh S1 Episode 7 — Urdu & English Subtitles | Great Nation","sultan muhammad fateh season 1 Episode 7; mehmed fetihler sultani Episode 7 urdu subtitles; english subtitles","Preserve existing numbering; validate against TRT and live records; no volume data"
"episode","collection-62","collection-62-episode-8","/drama/mehmed-fetihler-sultani/season-1/episode-8","Episode 8","Urdu; English","Sultan Muhammad Fateh S1 Episode 8 — Urdu & English Subtitles | Great Nation","sultan muhammad fateh season 1 Episode 8; mehmed fetihler sultani Episode 8 urdu subtitles; english subtitles","Preserve existing numbering; validate against TRT and live records; no volume data"
"episode","collection-62","collection-62-episode-9","/drama/mehmed-fetihler-sultani/season-1/episode-9","Episode 9","Urdu; English","Sultan Muhammad Fateh S1 Episode 9 — Urdu & English Subtitles | Great Nation","sultan muhammad fateh season 1 Episode 9; mehmed fetihler sultani Episode 9 urdu subtitles; english subtitles","Preserve existing numbering; validate against TRT and live records; no volume data"
"episode","collection-62","collection-62-episode-10","/drama/mehmed-fetihler-sultani/season-1/episode-10","Episode 10","Urdu; English","Sultan Muhammad Fateh S1 Episode 10 — Urdu & English Subtitles | Great Nation","sultan muhammad fateh season 1 Episode 10; mehmed fetihler sultani Episode 10 urdu subtitles; english subtitles","Preserve existing numbering; validate against TRT and live records; no volume data"
"episode","collection-62","collection-62-episode-11","/drama/mehmed-fetihler-sultani/season-1/episode-11","Episode 11","Urdu; English","Sultan Muhammad Fateh S1 Episode 11 — Urdu & English Subtitles | Great Nation","sultan muhammad fateh season 1 Episode 11; mehmed fetihler sultani Episode 11 urdu subtitles; english subtitles","Preserve existing numbering; validate against TRT and live records; no volume data"
"episode","collection-62","collection-62-episode-12","/drama/mehmed-fetihler-sultani/season-1/episode-12","Episode 12","Urdu; English","Sultan Muhammad Fateh S1 Episode 12 — Urdu & English Subtitles | Great Nation","sultan muhammad fateh season 1 Episode 12; mehmed fetihler sultani Episode 12 urdu subtitles; english subtitles","Preserve existing numbering; validate against TRT and live records; no volume data"
"episode","collection-62","collection-62-episode-13","/drama/mehmed-fetihler-sultani/season-1/episode-13","Episode 13","Urdu; English","Sultan Muhammad Fateh S1 Episode 13 — Urdu & English Subtitles | Great Nation","sultan muhammad fateh season 1 Episode 13; mehmed fetihler sultani Episode 13 urdu subtitles; english subtitles","Preserve existing numbering; validate against TRT and live records; no volume data"
"episode","collection-62","collection-62-episode-14","/drama/mehmed-fetihler-sultani/season-1/episode-14","Episode 14","Urdu; English","Sultan Muhammad Fateh S1 Episode 14 — Urdu & English Subtitles | Great Nation","sultan muhammad fateh season 1 Episode 14; mehmed fetihler sultani Episode 14 urdu subtitles; english subtitles","Preserve existing numbering; validate against TRT and live records; no volume data"
"episode","collection-62","collection-62-episode-15","/drama/mehmed-fetihler-sultani/season-1/episode-15","Episode 15","Urdu; English","Sultan Muhammad Fateh S1 Episode 15 — Urdu & English Subtitles | Great Nation","sultan muhammad fateh season 1 Episode 15; mehmed fetihler sultani Episode 15 urdu subtitles; english subtitles","Preserve existing numbering; validate against TRT and live records; no volume data"
"season","collection-68","","/drama/mehmed-fetihler-sultani/season-2","Mehmed: Fetihler Sultani Season 2 - Urdu & English Subtitles","Urdu; English","Sultan Muhammad Fateh Season 2 — Urdu & English Subtitles | Great Nation","sultan muhammad fateh season 2; mehmed fetihler sultani season 2 urdu subtitles; english subtitles","Local catalog only; confirm live publication and per-episode languages"
"episode","collection-68","collection-68-episode-1","/drama/mehmed-fetihler-sultani/season-2/episode-1","Episode 1","Urdu","Sultan Muhammad Fateh S2 Episode 1 — Urdu Subtitles | Great Nation","sultan muhammad fateh season 2 Episode 1; mehmed fetihler sultani Episode 1 urdu subtitles; english subtitles","Preserve existing numbering; validate against TRT and live records; no volume data"
"episode","collection-68","collection-68-episode-16","/drama/mehmed-fetihler-sultani/season-2/episode-16","Episode 16","English","Sultan Muhammad Fateh S2 Episode 16 — English Subtitles | Great Nation","sultan muhammad fateh season 2 Episode 16; mehmed fetihler sultani Episode 16 urdu subtitles; english subtitles","Preserve existing numbering; validate against TRT and live records; no volume data"
"episode","collection-68","collection-68-episode-17","/drama/mehmed-fetihler-sultani/season-2/episode-17","Episode 17","Urdu; English","Sultan Muhammad Fateh S2 Episode 17 — Urdu & English Subtitles | Great Nation","sultan muhammad fateh season 2 Episode 17; mehmed fetihler sultani Episode 17 urdu subtitles; english subtitles","Preserve existing numbering; validate against TRT and live records; no volume data"
"episode","collection-68","collection-68-episode-18","/drama/mehmed-fetihler-sultani/season-2/episode-18","Episode 18","Urdu; English","Sultan Muhammad Fateh S2 Episode 18 — Urdu & English Subtitles | Great Nation","sultan muhammad fateh season 2 Episode 18; mehmed fetihler sultani Episode 18 urdu subtitles; english subtitles","Preserve existing numbering; validate against TRT and live records; no volume data"
"episode","collection-68","collection-68-episode-19","/drama/mehmed-fetihler-sultani/season-2/episode-19","Episode 19","Urdu; English","Sultan Muhammad Fateh S2 Episode 19 — Urdu & English Subtitles | Great Nation","sultan muhammad fateh season 2 Episode 19; mehmed fetihler sultani Episode 19 urdu subtitles; english subtitles","Preserve existing numbering; validate against TRT and live records; no volume data"
"episode","collection-68","collection-68-episode-20","/drama/mehmed-fetihler-sultani/season-2/episode-20","Episode 20","Urdu; English","Sultan Muhammad Fateh S2 Episode 20 — Urdu & English Subtitles | Great Nation","sultan muhammad fateh season 2 Episode 20; mehmed fetihler sultani Episode 20 urdu subtitles; english subtitles","Preserve existing numbering; validate against TRT and live records; no volume data"
"episode","collection-68","collection-68-episode-21","/drama/mehmed-fetihler-sultani/season-2/episode-21","Episode 21","Urdu; English","Sultan Muhammad Fateh S2 Episode 21 — Urdu & English Subtitles | Great Nation","sultan muhammad fateh season 2 Episode 21; mehmed fetihler sultani Episode 21 urdu subtitles; english subtitles","Preserve existing numbering; validate against TRT and live records; no volume data"
"episode","collection-68","collection-68-episode-22","/drama/mehmed-fetihler-sultani/season-2/episode-22","Episode 22","Urdu; English","Sultan Muhammad Fateh S2 Episode 22 — Urdu & English Subtitles | Great Nation","sultan muhammad fateh season 2 Episode 22; mehmed fetihler sultani Episode 22 urdu subtitles; english subtitles","Preserve existing numbering; validate against TRT and live records; no volume data"
"episode","collection-68","collection-68-episode-23","/drama/mehmed-fetihler-sultani/season-2/episode-23","Episode 23","Urdu; English","Sultan Muhammad Fateh S2 Episode 23 — Urdu & English Subtitles | Great Nation","sultan muhammad fateh season 2 Episode 23; mehmed fetihler sultani Episode 23 urdu subtitles; english subtitles","Preserve existing numbering; validate against TRT and live records; no volume data"
"episode","collection-68","collection-68-episode-24","/drama/mehmed-fetihler-sultani/season-2/episode-24","Episode 24","Urdu; English","Sultan Muhammad Fateh S2 Episode 24 — Urdu & English Subtitles | Great Nation","sultan muhammad fateh season 2 Episode 24; mehmed fetihler sultani Episode 24 urdu subtitles; english subtitles","Preserve existing numbering; validate against TRT and live records; no volume data"
"episode","collection-68","collection-68-episode-25","/drama/mehmed-fetihler-sultani/season-2/episode-25","Episode 25","Urdu; English","Sultan Muhammad Fateh S2 Episode 25 — Urdu & English Subtitles | Great Nation","sultan muhammad fateh season 2 Episode 25; mehmed fetihler sultani Episode 25 urdu subtitles; english subtitles","Preserve existing numbering; validate against TRT and live records; no volume data"
"episode","collection-68","collection-68-episode-26","/drama/mehmed-fetihler-sultani/season-2/episode-26","Episode 26","Urdu; English","Sultan Muhammad Fateh S2 Episode 26 — Urdu & English Subtitles | Great Nation","sultan muhammad fateh season 2 Episode 26; mehmed fetihler sultani Episode 26 urdu subtitles; english subtitles","Preserve existing numbering; validate against TRT and live records; no volume data"
"episode","collection-68","collection-68-episode-27","/drama/mehmed-fetihler-sultani/season-2/episode-27","Episode 27","Urdu; English","Sultan Muhammad Fateh S2 Episode 27 — Urdu & English Subtitles | Great Nation","sultan muhammad fateh season 2 Episode 27; mehmed fetihler sultani Episode 27 urdu subtitles; english subtitles","Preserve existing numbering; validate against TRT and live records; no volume data"
"episode","collection-68","collection-68-episode-28","/drama/mehmed-fetihler-sultani/season-2/episode-28","Episode 28","Urdu; English","Sultan Muhammad Fateh S2 Episode 28 — Urdu & English Subtitles | Great Nation","sultan muhammad fateh season 2 Episode 28; mehmed fetihler sultani Episode 28 urdu subtitles; english subtitles","Preserve existing numbering; validate against TRT and live records; no volume data"
"episode","collection-68","collection-68-episode-29","/drama/mehmed-fetihler-sultani/season-2/episode-29","Episode 29","Urdu; English","Sultan Muhammad Fateh S2 Episode 29 — Urdu & English Subtitles | Great Nation","sultan muhammad fateh season 2 Episode 29; mehmed fetihler sultani Episode 29 urdu subtitles; english subtitles","Preserve existing numbering; validate against TRT and live records; no volume data"
"episode","collection-68","collection-68-episode-30","/drama/mehmed-fetihler-sultani/season-2/episode-30","Episode 30","Urdu; English","Sultan Muhammad Fateh S2 Episode 30 — Urdu & English Subtitles | Great Nation","sultan muhammad fateh season 2 Episode 30; mehmed fetihler sultani Episode 30 urdu subtitles; english subtitles","Preserve existing numbering; validate against TRT and live records; no volume data"
"episode","collection-68","collection-68-episode-31","/drama/mehmed-fetihler-sultani/season-2/episode-31","Episode 31","Urdu; English","Sultan Muhammad Fateh S2 Episode 31 — Urdu & English Subtitles | Great Nation","sultan muhammad fateh season 2 Episode 31; mehmed fetihler sultani Episode 31 urdu subtitles; english subtitles","Preserve existing numbering; validate against TRT and live records; no volume data"
"episode","collection-68","collection-68-episode-32","/drama/mehmed-fetihler-sultani/season-2/episode-32","Episode 32","Urdu; English","Sultan Muhammad Fateh S2 Episode 32 — Urdu & English Subtitles | Great Nation","sultan muhammad fateh season 2 Episode 32; mehmed fetihler sultani Episode 32 urdu subtitles; english subtitles","Preserve existing numbering; validate against TRT and live records; no volume data"
"episode","collection-68","collection-68-episode-33","/drama/mehmed-fetihler-sultani/season-2/episode-33","Episode 33","Urdu; English","Sultan Muhammad Fateh S2 Episode 33 — Urdu & English Subtitles | Great Nation","sultan muhammad fateh season 2 Episode 33; mehmed fetihler sultani Episode 33 urdu subtitles; english subtitles","Preserve existing numbering; validate against TRT and live records; no volume data"
"episode","collection-68","collection-68-episode-34","/drama/mehmed-fetihler-sultani/season-2/episode-34","Episode 34","Urdu; English","Sultan Muhammad Fateh S2 Episode 34 — Urdu & English Subtitles | Great Nation","sultan muhammad fateh season 2 Episode 34; mehmed fetihler sultani Episode 34 urdu subtitles; english subtitles","Preserve existing numbering; validate against TRT and live records; no volume data"
"episode","collection-68","collection-68-episode-35","/drama/mehmed-fetihler-sultani/season-2/episode-35","Episode 35","Urdu; English","Sultan Muhammad Fateh S2 Episode 35 — Urdu & English Subtitles | Great Nation","sultan muhammad fateh season 2 Episode 35; mehmed fetihler sultani Episode 35 urdu subtitles; english subtitles","Preserve existing numbering; validate against TRT and live records; no volume data"
"episode","collection-68","collection-68-episode-36","/drama/mehmed-fetihler-sultani/season-2/episode-36","Episode 36","Urdu; English","Sultan Muhammad Fateh S2 Episode 36 — Urdu & English Subtitles | Great Nation","sultan muhammad fateh season 2 Episode 36; mehmed fetihler sultani Episode 36 urdu subtitles; english subtitles","Preserve existing numbering; validate against TRT and live records; no volume data"
"episode","collection-68","collection-68-episode-37","/drama/mehmed-fetihler-sultani/season-2/episode-37","Episode 37","Urdu; English","Sultan Muhammad Fateh S2 Episode 37 — Urdu & English Subtitles | Great Nation","sultan muhammad fateh season 2 Episode 37; mehmed fetihler sultani Episode 37 urdu subtitles; english subtitles","Preserve existing numbering; validate against TRT and live records; no volume data"
"episode","collection-68","collection-68-episode-38","/drama/mehmed-fetihler-sultani/season-2/episode-38","Episode 38","Urdu; English","Sultan Muhammad Fateh S2 Episode 38 — Urdu & English Subtitles | Great Nation","sultan muhammad fateh season 2 Episode 38; mehmed fetihler sultani Episode 38 urdu subtitles; english subtitles","Preserve existing numbering; validate against TRT and live records; no volume data"
"episode","collection-68","collection-68-episode-39","/drama/mehmed-fetihler-sultani/season-2/episode-39","Episode 39","Urdu; English","Sultan Muhammad Fateh S2 Episode 39 — Urdu & English Subtitles | Great Nation","sultan muhammad fateh season 2 Episode 39; mehmed fetihler sultani Episode 39 urdu subtitles; english subtitles","Preserve existing numbering; validate against TRT and live records; no volume data"
"episode","collection-68","collection-68-episode-40","/drama/mehmed-fetihler-sultani/season-2/episode-40","Episode 40","Urdu; English","Sultan Muhammad Fateh S2 Episode 40 — Urdu & English Subtitles | Great Nation","sultan muhammad fateh season 2 Episode 40; mehmed fetihler sultani Episode 40 urdu subtitles; english subtitles","Preserve existing numbering; validate against TRT and live records; no volume data"
"episode","collection-68","collection-68-episode-41","/drama/mehmed-fetihler-sultani/season-2/episode-41","Episode 41","Urdu; English","Sultan Muhammad Fateh S2 Episode 41 — Urdu & English Subtitles | Great Nation","sultan muhammad fateh season 2 Episode 41; mehmed fetihler sultani Episode 41 urdu subtitles; english subtitles","Preserve existing numbering; validate against TRT and live records; no volume data"
"episode","collection-68","collection-68-episode-42","/drama/mehmed-fetihler-sultani/season-2/episode-42","Episode 42","Urdu; English","Sultan Muhammad Fateh S2 Episode 42 — Urdu & English Subtitles | Great Nation","sultan muhammad fateh season 2 Episode 42; mehmed fetihler sultani Episode 42 urdu subtitles; english subtitles","Preserve existing numbering; validate against TRT and live records; no volume data"
"episode","collection-68","collection-68-episode-43","/drama/mehmed-fetihler-sultani/season-2/episode-43","Episode 43","Urdu; English","Sultan Muhammad Fateh S2 Episode 43 — Urdu & English Subtitles | Great Nation","sultan muhammad fateh season 2 Episode 43; mehmed fetihler sultani Episode 43 urdu subtitles; english subtitles","Preserve existing numbering; validate against TRT and live records; no volume data"
"episode","collection-68","collection-68-episode-44","/drama/mehmed-fetihler-sultani/season-2/episode-44","Episode 44","Urdu; English","Sultan Muhammad Fateh S2 Episode 44 — Urdu & English Subtitles | Great Nation","sultan muhammad fateh season 2 Episode 44; mehmed fetihler sultani Episode 44 urdu subtitles; english subtitles","Preserve existing numbering; validate against TRT and live records; no volume data"
"episode","collection-68","collection-68-episode-45","/drama/mehmed-fetihler-sultani/season-2/episode-45","Episode 45","Urdu; English","Sultan Muhammad Fateh S2 Episode 45 — Urdu & English Subtitles | Great Nation","sultan muhammad fateh season 2 Episode 45; mehmed fetihler sultani Episode 45 urdu subtitles; english subtitles","Preserve existing numbering; validate against TRT and live records; no volume data"
"episode","collection-68","collection-68-episode-46","/drama/mehmed-fetihler-sultani/season-2/episode-46","Episode 46","Urdu; English","Sultan Muhammad Fateh S2 Episode 46 — Urdu & English Subtitles | Great Nation","sultan muhammad fateh season 2 Episode 46; mehmed fetihler sultani Episode 46 urdu subtitles; english subtitles","Preserve existing numbering; validate against TRT and live records; no volume data"
"episode","collection-68","collection-68-episode-47","/drama/mehmed-fetihler-sultani/season-2/episode-47","Episode 47","Urdu; English","Sultan Muhammad Fateh S2 Episode 47 — Urdu & English Subtitles | Great Nation","sultan muhammad fateh season 2 Episode 47; mehmed fetihler sultani Episode 47 urdu subtitles; english subtitles","Preserve existing numbering; validate against TRT and live records; no volume data"
"episode","collection-68","collection-68-episode-48","/drama/mehmed-fetihler-sultani/season-2/episode-48","Episode 48","Urdu; English","Sultan Muhammad Fateh S2 Episode 48 — Urdu & English Subtitles | Great Nation","sultan muhammad fateh season 2 Episode 48; mehmed fetihler sultani Episode 48 urdu subtitles; english subtitles","Preserve existing numbering; validate against TRT and live records; no volume data"
"episode","collection-68","collection-68-bolum-149","/drama/mehmed-fetihler-sultani/season-2/episode-49","Episode 49 · Bolum 149","Urdu","Sultan Muhammad Fateh S2 Episode 49 · Bolum 149 — Urdu Subtitles | Great Nation","sultan muhammad fateh season 2 Episode 49 · Bolum 149; mehmed fetihler sultani Episode 49 · Bolum 149 urdu subtitles; english subtitles","Preserve existing numbering; validate against TRT and live records; no volume data"
"episode","collection-68","collection-68-bolum-49","/drama/mehmed-fetihler-sultani/season-2/episode-49-b","Episode 49 · Bolum 49","English","Sultan Muhammad Fateh S2 Episode 49 · Bolum 49 — English Subtitles | Great Nation","sultan muhammad fateh season 2 Episode 49 · Bolum 49; mehmed fetihler sultani Episode 49 · Bolum 49 urdu subtitles; english subtitles","Preserve existing numbering; validate against TRT and live records; no volume data"
"season","collection-76","","/drama/mehmed-fetihler-sultani/season-3","Mehmed: Fetihler Sultani Season 3 - Urdu & English Subtitles","Urdu; English","Sultan Muhammad Fateh Season 3 — Urdu & English Subtitles | Great Nation","sultan muhammad fateh season 3; mehmed fetihler sultani season 3 urdu subtitles; english subtitles","Local catalog only; confirm live publication and per-episode languages"
"episode","collection-76","collection-76-episode-50","/drama/mehmed-fetihler-sultani/season-3/episode-50","Episode 50","Urdu","Sultan Muhammad Fateh S3 Episode 50 — Urdu Subtitles | Great Nation","sultan muhammad fateh season 3 Episode 50; mehmed fetihler sultani Episode 50 urdu subtitles; english subtitles","Preserve existing numbering; validate against TRT and live records; no volume data"
"episode","collection-76","collection-76-episode-51","/drama/mehmed-fetihler-sultani/season-3/episode-51","Episode 51","Urdu","Sultan Muhammad Fateh S3 Episode 51 — Urdu Subtitles | Great Nation","sultan muhammad fateh season 3 Episode 51; mehmed fetihler sultani Episode 51 urdu subtitles; english subtitles","Preserve existing numbering; validate against TRT and live records; no volume data"
"episode","collection-76","collection-76-bolum-52","/drama/mehmed-fetihler-sultani/season-3/episode-52","Episode 52 · Bolum 52","Urdu","Sultan Muhammad Fateh S3 Episode 52 · Bolum 52 — Urdu Subtitles | Great Nation","sultan muhammad fateh season 3 Episode 52 · Bolum 52; mehmed fetihler sultani Episode 52 · Bolum 52 urdu subtitles; english subtitles","Preserve existing numbering; validate against TRT and live records; no volume data"
"episode","collection-76","collection-76-episode-52","/drama/mehmed-fetihler-sultani/season-3/episode-52-b","Episode 52","English","Sultan Muhammad Fateh S3 Episode 52 — English Subtitles | Great Nation","sultan muhammad fateh season 3 Episode 52; mehmed fetihler sultani Episode 52 urdu subtitles; english subtitles","Preserve existing numbering; validate against TRT and live records; no volume data"
"episode","collection-76","collection-76-episode-53","/drama/mehmed-fetihler-sultani/season-3/episode-53","Episode 53","Urdu; English","Sultan Muhammad Fateh S3 Episode 53 — Urdu & English Subtitles | Great Nation","sultan muhammad fateh season 3 Episode 53; mehmed fetihler sultani Episode 53 urdu subtitles; english subtitles","Preserve existing numbering; validate against TRT and live records; no volume data"
"episode","collection-76","collection-76-episode-54","/drama/mehmed-fetihler-sultani/season-3/episode-54","Episode 54","Urdu; English","Sultan Muhammad Fateh S3 Episode 54 — Urdu & English Subtitles | Great Nation","sultan muhammad fateh season 3 Episode 54; mehmed fetihler sultani Episode 54 urdu subtitles; english subtitles","Preserve existing numbering; validate against TRT and live records; no volume data"
"episode","collection-76","collection-76-episode-55","/drama/mehmed-fetihler-sultani/season-3/episode-55","Episode 55","Urdu; English","Sultan Muhammad Fateh S3 Episode 55 — Urdu & English Subtitles | Great Nation","sultan muhammad fateh season 3 Episode 55; mehmed fetihler sultani Episode 55 urdu subtitles; english subtitles","Preserve existing numbering; validate against TRT and live records; no volume data"
"episode","collection-76","collection-76-episode-56","/drama/mehmed-fetihler-sultani/season-3/episode-56","Episode 56","Urdu; English","Sultan Muhammad Fateh S3 Episode 56 — Urdu & English Subtitles | Great Nation","sultan muhammad fateh season 3 Episode 56; mehmed fetihler sultani Episode 56 urdu subtitles; english subtitles","Preserve existing numbering; validate against TRT and live records; no volume data"
"episode","collection-76","collection-76-episode-57","/drama/mehmed-fetihler-sultani/season-3/episode-57","Episode 57","Urdu; English","Sultan Muhammad Fateh S3 Episode 57 — Urdu & English Subtitles | Great Nation","sultan muhammad fateh season 3 Episode 57; mehmed fetihler sultani Episode 57 urdu subtitles; english subtitles","Preserve existing numbering; validate against TRT and live records; no volume data"
"episode","collection-76","collection-76-episode-58","/drama/mehmed-fetihler-sultani/season-3/episode-58","Episode 58","Urdu; English","Sultan Muhammad Fateh S3 Episode 58 — Urdu & English Subtitles | Great Nation","sultan muhammad fateh season 3 Episode 58; mehmed fetihler sultani Episode 58 urdu subtitles; english subtitles","Preserve existing numbering; validate against TRT and live records; no volume data"
"episode","collection-76","collection-76-episode-59","/drama/mehmed-fetihler-sultani/season-3/episode-59","Episode 59","Urdu; English","Sultan Muhammad Fateh S3 Episode 59 — Urdu & English Subtitles | Great Nation","sultan muhammad fateh season 3 Episode 59; mehmed fetihler sultani Episode 59 urdu subtitles; english subtitles","Preserve existing numbering; validate against TRT and live records; no volume data"
"episode","collection-76","collection-76-episode-60","/drama/mehmed-fetihler-sultani/season-3/episode-60","Episode 60","Urdu; English","Sultan Muhammad Fateh S3 Episode 60 — Urdu & English Subtitles | Great Nation","sultan muhammad fateh season 3 Episode 60; mehmed fetihler sultani Episode 60 urdu subtitles; english subtitles","Preserve existing numbering; validate against TRT and live records; no volume data"
"episode","collection-76","collection-76-episode-61","/drama/mehmed-fetihler-sultani/season-3/episode-61","Episode 61","Urdu","Sultan Muhammad Fateh S3 Episode 61 — Urdu Subtitles | Great Nation","sultan muhammad fateh season 3 Episode 61; mehmed fetihler sultani Episode 61 urdu subtitles; english subtitles","Preserve existing numbering; validate against TRT and live records; no volume data"
"episode","collection-76","collection-76-bolum-61","/drama/mehmed-fetihler-sultani/season-3/episode-61-b","Episode 61 · Bolum 61","English","Sultan Muhammad Fateh S3 Episode 61 · Bolum 61 — English Subtitles | Great Nation","sultan muhammad fateh season 3 Episode 61 · Bolum 61; mehmed fetihler sultani Episode 61 · Bolum 61 urdu subtitles; english subtitles","Preserve existing numbering; validate against TRT and live records; no volume data"
"episode","collection-76","collection-76-bolum-62","/drama/mehmed-fetihler-sultani/season-3/episode-62","Episode 62 · Bolum 62","Urdu; English","Sultan Muhammad Fateh S3 Episode 62 · Bolum 62 — Urdu & English Subtitles | Great Nation","sultan muhammad fateh season 3 Episode 62 · Bolum 62; mehmed fetihler sultani Episode 62 · Bolum 62 urdu subtitles; english subtitles","Preserve existing numbering; validate against TRT and live records; no volume data"
"episode","collection-76","collection-76-bolum-63","/drama/mehmed-fetihler-sultani/season-3/episode-63","Episode 63 · Bolum 63","Urdu; English","Sultan Muhammad Fateh S3 Episode 63 · Bolum 63 — Urdu & English Subtitles | Great Nation","sultan muhammad fateh season 3 Episode 63 · Bolum 63; mehmed fetihler sultani Episode 63 · Bolum 63 urdu subtitles; english subtitles","Preserve existing numbering; validate against TRT and live records; no volume data"
"episode","collection-76","collection-76-bolum-64","/drama/mehmed-fetihler-sultani/season-3/episode-64","Episode 64 · Bolum 64","Urdu","Sultan Muhammad Fateh S3 Episode 64 · Bolum 64 — Urdu Subtitles | Great Nation","sultan muhammad fateh season 3 Episode 64 · Bolum 64; mehmed fetihler sultani Episode 64 · Bolum 64 urdu subtitles; english subtitles","Preserve existing numbering; validate against TRT and live records; no volume data"
"episode","collection-76","collection-76-bolum-65","/drama/mehmed-fetihler-sultani/season-3/episode-65","Episode 65 · Bolum 65","Urdu; English","Sultan Muhammad Fateh S3 Episode 65 · Bolum 65 — Urdu & English Subtitles | Great Nation","sultan muhammad fateh season 3 Episode 65 · Bolum 65; mehmed fetihler sultani Episode 65 · Bolum 65 urdu subtitles; english subtitles","Preserve existing numbering; validate against TRT and live records; no volume data"
"episode","collection-76","collection-76-bolum-66","/drama/mehmed-fetihler-sultani/season-3/episode-66","Episode 66 · Bolum 66","Urdu; English","Sultan Muhammad Fateh S3 Episode 66 · Bolum 66 — Urdu & English Subtitles | Great Nation","sultan muhammad fateh season 3 Episode 66 · Bolum 66; mehmed fetihler sultani Episode 66 · Bolum 66 urdu subtitles; english subtitles","Preserve existing numbering; validate against TRT and live records; no volume data"
"episode","collection-76","collection-76-bolum-67","/drama/mehmed-fetihler-sultani/season-3/episode-67","Episode 67 · Bolum 67","Urdu; English","Sultan Muhammad Fateh S3 Episode 67 · Bolum 67 — Urdu & English Subtitles | Great Nation","sultan muhammad fateh season 3 Episode 67 · Bolum 67; mehmed fetihler sultani Episode 67 · Bolum 67 urdu subtitles; english subtitles","Preserve existing numbering; validate against TRT and live records; no volume data"
"episode","collection-76","collection-76-bolum-68","/drama/mehmed-fetihler-sultani/season-3/episode-68","Episode 68 · Bolum 68","Urdu; English","Sultan Muhammad Fateh S3 Episode 68 · Bolum 68 — Urdu & English Subtitles | Great Nation","sultan muhammad fateh season 3 Episode 68 · Bolum 68; mehmed fetihler sultani Episode 68 · Bolum 68 urdu subtitles; english subtitles","Preserve existing numbering; validate against TRT and live records; no volume data"
"episode","collection-76","collection-76-bolum-69","/drama/mehmed-fetihler-sultani/season-3/episode-69","Episode 69 · Bolum 69","Urdu; English","Sultan Muhammad Fateh S3 Episode 69 · Bolum 69 — Urdu & English Subtitles | Great Nation","sultan muhammad fateh season 3 Episode 69 · Bolum 69; mehmed fetihler sultani Episode 69 · Bolum 69 urdu subtitles; english subtitles","Preserve existing numbering; validate against TRT and live records; no volume data"
"episode","collection-76","collection-76-bolum-70","/drama/mehmed-fetihler-sultani/season-3/episode-70","Episode 70 · Bolum 70","Urdu; English","Sultan Muhammad Fateh S3 Episode 70 · Bolum 70 — Urdu & English Subtitles | Great Nation","sultan muhammad fateh season 3 Episode 70 · Bolum 70; mehmed fetihler sultani Episode 70 · Bolum 70 urdu subtitles; english subtitles","Preserve existing numbering; validate against TRT and live records; no volume data"
"episode","collection-76","collection-76-bolum-71","/drama/mehmed-fetihler-sultani/season-3/episode-71","Episode 71 · Bolum 71","Urdu; English","Sultan Muhammad Fateh S3 Episode 71 · Bolum 71 — Urdu & English Subtitles | Great Nation","sultan muhammad fateh season 3 Episode 71 · Bolum 71; mehmed fetihler sultani Episode 71 · Bolum 71 urdu subtitles; english subtitles","Preserve existing numbering; validate against TRT and live records; no volume data"
"episode","collection-76","collection-76-bolum-72","/drama/mehmed-fetihler-sultani/season-3/episode-72","Episode 72 · Bolum 72","Urdu; English","Sultan Muhammad Fateh S3 Episode 72 · Bolum 72 — Urdu & English Subtitles | Great Nation","sultan muhammad fateh season 3 Episode 72 · Bolum 72; mehmed fetihler sultani Episode 72 · Bolum 72 urdu subtitles; english subtitles","Preserve existing numbering; validate against TRT and live records; no volume data"
"episode","collection-76","collection-76-episode-73","/drama/mehmed-fetihler-sultani/season-3/episode-73","Episode 73","Urdu; English","Sultan Muhammad Fateh S3 Episode 73 — Urdu & English Subtitles | Great Nation","sultan muhammad fateh season 3 Episode 73; mehmed fetihler sultani Episode 73 urdu subtitles; english subtitles","Preserve existing numbering; validate against TRT and live records; no volume data"
"episode","collection-76","collection-76-episode-74","/drama/mehmed-fetihler-sultani/season-3/episode-74","Episode 74","Urdu; English","Sultan Muhammad Fateh S3 Episode 74 — Urdu & English Subtitles | Great Nation","sultan muhammad fateh season 3 Episode 74; mehmed fetihler sultani Episode 74 urdu subtitles; english subtitles","Preserve existing numbering; validate against TRT and live records; no volume data"
"episode","collection-76","collection-76-episode-75","/drama/mehmed-fetihler-sultani/season-3/episode-75","Episode 75","Urdu; English","Sultan Muhammad Fateh S3 Episode 75 — Urdu & English Subtitles | Great Nation","sultan muhammad fateh season 3 Episode 75; mehmed fetihler sultani Episode 75 urdu subtitles; english subtitles","Preserve existing numbering; validate against TRT and live records; no volume data"
"episode","collection-76","collection-76-episode-76","/drama/mehmed-fetihler-sultani/season-3/episode-76","Episode 76","Urdu; English","Sultan Muhammad Fateh S3 Episode 76 — Urdu & English Subtitles | Great Nation","sultan muhammad fateh season 3 Episode 76; mehmed fetihler sultani Episode 76 urdu subtitles; english subtitles","Preserve existing numbering; validate against TRT and live records; no volume data"
"episode","collection-76","collection-76-episode-77","/drama/mehmed-fetihler-sultani/season-3/episode-77","Episode 77","Urdu; English","Sultan Muhammad Fateh S3 Episode 77 — Urdu & English Subtitles | Great Nation","sultan muhammad fateh season 3 Episode 77; mehmed fetihler sultani Episode 77 urdu subtitles; english subtitles","Preserve existing numbering; validate against TRT and live records; no volume data"
"episode","collection-76","collection-76-episode-78","/drama/mehmed-fetihler-sultani/season-3/episode-78","Episode 78","Urdu; English","Sultan Muhammad Fateh S3 Episode 78 — Urdu & English Subtitles | Great Nation","sultan muhammad fateh season 3 Episode 78; mehmed fetihler sultani Episode 78 urdu subtitles; english subtitles","Preserve existing numbering; validate against TRT and live records; no volume data"
"episode","collection-76","collection-76-episode-79","/drama/mehmed-fetihler-sultani/season-3/episode-79","Episode 79","Urdu; English","Sultan Muhammad Fateh S3 Episode 79 — Urdu & English Subtitles | Great Nation","sultan muhammad fateh season 3 Episode 79; mehmed fetihler sultani Episode 79 urdu subtitles; english subtitles","Preserve existing numbering; validate against TRT and live records; no volume data"
"episode","collection-76","collection-76-episode-80","/drama/mehmed-fetihler-sultani/season-3/episode-80","Episode 80","Urdu","Sultan Muhammad Fateh S3 Episode 80 — Urdu Subtitles | Great Nation","sultan muhammad fateh season 3 Episode 80; mehmed fetihler sultani Episode 80 urdu subtitles; english subtitles","Preserve existing numbering; validate against TRT and live records; no volume data"
"episode","collection-76","collection-76-episode-81","/drama/mehmed-fetihler-sultani/season-3/episode-81","Episode 81","Urdu; English","Sultan Muhammad Fateh S3 Episode 81 — Urdu & English Subtitles | Great Nation","sultan muhammad fateh season 3 Episode 81; mehmed fetihler sultani Episode 81 urdu subtitles; english subtitles","Preserve existing numbering; validate against TRT and live records; no volume data"
"episode","collection-76","collection-76-episode-82","/drama/mehmed-fetihler-sultani/season-3/episode-82","Episode 82","Urdu; English","Sultan Muhammad Fateh S3 Episode 82 — Urdu & English Subtitles | Great Nation","sultan muhammad fateh season 3 Episode 82; mehmed fetihler sultani Episode 82 urdu subtitles; english subtitles","Preserve existing numbering; validate against TRT and live records; no volume data"
"episode","collection-76","collection-76-episode-83","/drama/mehmed-fetihler-sultani/season-3/episode-83","Episode 83","Urdu; English","Sultan Muhammad Fateh S3 Episode 83 — Urdu & English Subtitles | Great Nation","sultan muhammad fateh season 3 Episode 83; mehmed fetihler sultani Episode 83 urdu subtitles; english subtitles","Preserve existing numbering; validate against TRT and live records; no volume data"
"season","collection-82","","/drama/mehmed-fetihler-sultani/season-4","Mehmed: Fetihler Sultani Season 4 - Urdu & English Subtitles","Urdu; English","Sultan Muhammad Fateh Season 4 — Urdu & English Subtitles | Great Nation","sultan muhammad fateh season 4; mehmed fetihler sultani season 4 urdu subtitles; english subtitles","Local catalog only; confirm live publication and per-episode languages"
"episode","collection-82","collection-82-bolum-84","/drama/mehmed-fetihler-sultani/season-4/episode-1","Episode 1 · Bolum 84","Urdu; English","Sultan Muhammad Fateh S4 Episode 1 · Bolum 84 — Urdu & English Subtitles | Great Nation","sultan muhammad fateh season 4 Episode 1 · Bolum 84; mehmed fetihler sultani Episode 1 · Bolum 84 urdu subtitles; english subtitles","Preserve existing numbering; validate against TRT and live records; no volume data"
"episode","collection-82","collection-82-bolum-85","/drama/mehmed-fetihler-sultani/season-4/episode-2","Episode 2 · Bolum 85","English; Urdu","Sultan Muhammad Fateh S4 Episode 2 · Bolum 85 — English & Urdu Subtitles | Great Nation","sultan muhammad fateh season 4 Episode 2 · Bolum 85; mehmed fetihler sultani Episode 2 · Bolum 85 urdu subtitles; english subtitles","Preserve existing numbering; validate against TRT and live records; no volume data"
"episode","collection-82","collection-82-bolum-86","/drama/mehmed-fetihler-sultani/season-4/episode-3","Episode 3 · Bolum 86","Urdu; English","Sultan Muhammad Fateh S4 Episode 3 · Bolum 86 — Urdu & English Subtitles | Great Nation","sultan muhammad fateh season 4 Episode 3 · Bolum 86; mehmed fetihler sultani Episode 3 · Bolum 86 urdu subtitles; english subtitles","Preserve existing numbering; validate against TRT and live records; no volume data"
"season","collection-88","","/drama/mehmed-fetihler-sultani/season-4/urdu-dubbed","Mehmed Fetihler Sultani Season 4 Urdu Dubbed","Urdu","Sultan Muhammad Fateh Season 4 — Urdu Dubbed | Great Nation","sultan muhammad fateh season 4; mehmed fetihler sultani season 4 urdu dubbed","Local catalog only; confirm live publication and per-episode languages"
"episode","collection-88","collection-88-bolum-84","/drama/mehmed-fetihler-sultani/season-4/urdu-dubbed/episode-1","Episode 1 · Bolum 84","Urdu","Sultan Muhammad Fateh S4 Episode 1 · Bolum 84 — Urdu Dubbed | Great Nation","sultan muhammad fateh season 4 Episode 1 · Bolum 84; mehmed fetihler sultani Episode 1 · Bolum 84 urdu dubbed","Preserve existing numbering; validate against TRT and live records; no volume data"
