"market","keyword","monthly_volume","latest_year","latest_month","latest_month_volume","intent","competition_level","observed_at"
"Pakistan","sultan muhammad fateh season 3 ep 1","880","2026","8","390","informational","LOW","2026-10-03T14:00:45.135524Z"
"Pakistan","sultan muhammad fateh season 3 episode 1","880","2026","8","390","informational","LOW","2026-10-03T14:00:45.135524Z"
"Pakistan","sultan muhammad fateh season 2 episode 1 historical point","170","2026","8","30","informational","LOW","2026-10-03T14:00:45.135524Z"
"Pakistan","sultan muhammad fateh season 3 episode 1 in urdu subtitles","110","2026","8","30","transactional","LOW","2026-10-03T14:00:45.135524Z"
"Pakistan","sultan muhammad fateh season 2 episode 1 in urdu","90","2026","8","90","informational","LOW","2026-10-03T14:00:45.135524Z"
"Pakistan","sultan muhammad fateh season 2 ep 1","90","2026","8","50","informational","LOW","2026-10-03T14:00:45.135524Z"
"Pakistan","sultan muhammad fateh season 1 episode 16","50","2026","8","30","informational","LOW","2026-10-03T14:00:45.135524Z"
"Pakistan","sultan muhammad fateh season 1 ep 1","50","2026","8","10","informational","LOW","2026-10-03T14:00:45.135524Z"
"Pakistan","sultan muhammad fateh season 3 episode 1 historical point","40","2026","8","10","informational","LOW","2026-10-03T14:00:45.135524Z"
"Pakistan","sultan muhammad fateh season 1 episode 17","30","2026","8","10","informational","LOW","2026-10-03T14:00:45.135524Z"
"Pakistan","sultan muhammad fateh season 2 episode 1 release date","30","2026","8","10","informational","LOW","2026-10-03T14:00:45.135524Z"
"Pakistan","makki tv sultan muhammad fateh season 1 episode 1","30","2026","8","90","informational","LOW","2026-10-03T14:00:45.135524Z"
"Pakistan","sultan muhammad fateh season 1 last episode","30","2026","8","20","informational","LOW","2026-10-03T14:00:45.135524Z"
"Pakistan","sultan muhammad fateh season 2 episode 1 urdu dubbed","30","2026","8","20","informational","LOW","2026-10-03T14:00:45.135524Z"
"Pakistan","makki tv sultan muhammad fateh season 2 episode 1","20","2026","8","50","informational","LOW","2026-10-03T14:00:45.135524Z"
"Pakistan","sultan muhammad fateh season 1 episode 30","10","2026","8","0","informational","","2026-10-03T14:00:45.135524Z"
"Pakistan","sultan muhammad fateh season 1 episode 33","10","2026","8","10","informational","LOW","2026-10-03T14:00:45.135524Z"
"Pakistan","sultan muhammad fateh season 1 episode 32","10","2026","8","0","informational","","2026-10-03T14:00:45.135524Z"
"Pakistan","sultan muhammad fateh season 2 episode 1","","2026","7","0","informational","","2026-10-03T14:00:45.135524Z"
"Pakistan","sultan muhammad fateh season 2 episode 49","480","2026","8","390","informational","LOW","2026-10-03T14:00:44.587945Z"
"Pakistan","sultan muhammad fateh season 2 episode 40","390","2026","8","140","informational","LOW","2026-10-03T14:00:44.587945Z"
"Pakistan","sultan muhammad fateh season 2 episode 36","390","2026","8","210","informational","LOW","2026-10-03T14:00:44.587945Z"
"Pakistan","sultan muhammad fateh season 2 episode 43","320","2026","8","260","informational","LOW","2026-10-03T14:00:44.587945Z"
"Pakistan","sultan muhammad fateh season 2 episode 46","320","2026","8","140","informational","LOW","2026-10-03T14:00:44.587945Z"
"Pakistan","sultan muhammad fateh season 3 episode 2","320","2026","8","70","informational","LOW","2026-10-03T14:00:44.587945Z"
"Pakistan","sultan muhammad fateh season 2 episode 2","320","2026","8","320","informational","LOW","2026-10-03T14:00:44.587945Z"
"Pakistan","sultan muhammad fateh season 2 episode 34","260","2026","8","260","informational","LOW","2026-10-03T14:00:44.587945Z"
"Pakistan","sultan muhammad fateh season 2 episode 44","260","2026","8","210","informational","LOW","2026-10-03T14:00:44.587945Z"
"Pakistan","sultan muhammad fateh season 2 episode 32","260","2026","8","140","informational","LOW","2026-10-03T14:00:44.587945Z"
"Pakistan","sultan muhammad fateh season 2 episode 33","260","2026","8","140","informational","LOW","2026-10-03T14:00:44.587945Z"
"Pakistan","sultan muhammad fateh season 2 episode 35","260","2026","8","210","informational","LOW","2026-10-03T14:00:44.587945Z"
"Pakistan","sultan muhammad fateh season 2 episode 38","260","2026","8","210","informational","LOW","2026-10-03T14:00:44.587945Z"
"Pakistan","sultan muhammad fateh season 2 episode 27","260","2026","8","260","informational","LOW","2026-10-03T14:00:44.587945Z"
"Pakistan","sultan muhammad fateh season 2 episode 41","260","2026","8","90","informational","LOW","2026-10-03T14:00:44.587945Z"
"Pakistan","sultan muhammad fateh season 2 episode 47","260","2026","8","170","informational","LOW","2026-10-03T14:00:44.587945Z"
"Pakistan","sultan muhammad fateh season 2 episode 42","260","2026","8","170","informational","LOW","2026-10-03T14:00:44.587945Z"
"Pakistan","sultan muhammad fateh season 2 episode 45","260","2026","8","140","informational","LOW","2026-10-03T14:00:44.587945Z"
"Pakistan","sultan muhammad fateh season 2 episode 21","210","2026","8","140","informational","LOW","2026-10-03T14:00:44.587945Z"
"Pakistan","sultan muhammad fateh season 2 episode 3","210","2026","8","210","informational","LOW","2026-10-03T14:00:44.587945Z"
"Pakistan","sultan muhammad fateh season 2 episode 31","210","2026","8","140","informational","LOW","2026-10-03T14:00:44.587945Z"
"Pakistan","sultan muhammad fateh season 2 episode 39","210","2026","8","90","informational","LOW","2026-10-03T14:00:44.587945Z"
"Pakistan","sultan muhammad fateh season 2 episode 30","210","2026","8","110","informational","LOW","2026-10-03T14:00:44.587945Z"
"Pakistan","sultan muhammad fateh season 2 episode 4","210","2026","8","320","informational","LOW","2026-10-03T14:00:44.587945Z"
"Pakistan","sultan muhammad fateh season 2 episode 26","170","2026","8","170","informational","LOW","2026-10-03T14:00:44.587945Z"
"Pakistan","sultan muhammad fateh season 2 episode 5","170","2026","8","210","informational","LOW","2026-10-03T14:00:44.587945Z"
"Pakistan","sultan muhammad fateh season 2 episode 17","170","2026","8","70","informational","LOW","2026-10-03T14:00:44.587945Z"
"Pakistan","sultan muhammad fateh season 2 episode 50","170","2026","8","110","informational","LOW","2026-10-03T14:00:44.587945Z"
"Pakistan","sultan muhammad fateh season 2 episode 28","170","2026","8","140","informational","LOW","2026-10-03T14:00:44.587945Z"
"Pakistan","sultan muhammad fateh season 2 episode 29","140","2026","8","70","informational","LOW","2026-10-03T14:00:44.587945Z"
"Pakistan","sultan muhammad fateh season 2 episode 16","140","2026","8","90","informational","LOW","2026-10-03T14:00:44.587945Z"
"Pakistan","sultan muhammad fateh season 2 episode 40 makki tv","90","2026","8","10","informational","LOW","2026-10-03T14:00:44.587945Z"
"Pakistan","sultan muhammad fateh season 2 episode 49 makki tv","90","2026","8","170","informational","LOW","2026-10-03T14:00:44.587945Z"
"Pakistan","sultan muhammad fateh season 2 episode 52","90","2026","8","40","informational","LOW","2026-10-03T14:00:44.587945Z"
"Pakistan","sultan muhammad fateh season 2 episode 51","90","2026","8","50","informational","LOW","2026-10-03T14:00:44.587945Z"
"Pakistan","sultan muhammad fateh season 2 episode 70","70","2026","8","30","informational","LOW","2026-10-03T14:00:44.587945Z"
"Pakistan","sultan muhammad fateh season 2 episode 37 in urdu subtitles","70","2026","8","40","transactional","LOW","2026-10-03T14:00:44.587945Z"
"Pakistan","sultan muhammad fateh season 2 episode 18","70","2026","8","40","informational","LOW","2026-10-03T14:00:44.587945Z"
"Pakistan","sultan muhammad fateh season 2 episode 69","50","2026","8","70","informational","LOW","2026-10-03T14:00:44.587945Z"
"Pakistan","sultan muhammad fateh season 2 episode 49 in urdu subtitles","50","2026","8","20","transactional","LOW","2026-10-03T14:00:44.587945Z"
"Pakistan","sultan muhammad fateh season 2 episode 2 in urdu subtitles","50","2026","8","40","transactional","LOW","2026-10-03T14:00:44.587945Z"
"Pakistan","sultan muhammad fateh season 2 last episode","50","2026","8","50","informational","LOW","2026-10-03T14:00:44.587945Z"
"Pakistan","sultan muhammad fateh season 2 episode 64","50","2026","8","20","informational","LOW","2026-10-03T14:00:44.587945Z"
"Pakistan","sultan muhammad fateh season 2 episode 73","40","2026","8","20","informational","LOW","2026-10-03T14:00:44.587945Z"
"Pakistan","sultan muhammad fateh season 2 episode 67","40","2026","8","40","informational","LOW","2026-10-03T14:00:44.587945Z"
"Pakistan","sultan muhammad fateh season 2 episode 16 in urdu subtitles","30","2026","8","20","informational","LOW","2026-10-03T14:00:44.587945Z"
"Pakistan","sultan muhammad fateh season 2 episode 27 watch online","30","2026","8","10","transactional","LOW","2026-10-03T14:00:44.587945Z"
"Pakistan","sultan muhammad fateh season 2 episode 74","30","2026","8","30","informational","LOW","2026-10-03T14:00:44.587945Z"
"Pakistan","sultan muhammad fateh season 2 episode 3 in urdu","20","2026","8","20","informational","LOW","2026-10-03T14:00:44.587945Z"
"Pakistan","sultan muhammad fateh season 2 episode 30 in urdu subtitles","20","2026","8","10","informational","LOW","2026-10-03T14:00:44.587945Z"
"Pakistan","sultan muhammad fateh season 2 episode 2 in urdu","20","2026","8","30","informational","LOW","2026-10-03T14:00:44.587945Z"
"Pakistan","sultan muhammad fateh season 2 episode 4 release date","10","2026","8","10","commercial","LOW","2026-10-03T14:00:44.587945Z"
"Pakistan","sultan muhammad fateh season 2 episode 2 watch online","10","2026","8","30","transactional","LOW","2026-10-03T14:00:44.587945Z"
"Pakistan","sultan muhammad fateh season 2 episode 42 makki tv","10","2026","8","30","informational","LOW","2026-10-03T14:00:44.587945Z"
"Pakistan","sultan muhammad fateh season 2 episode 14","10","2026","8","10","informational","LOW","2026-10-03T14:00:44.587945Z"
"Pakistan","sultan muhammad fateh season 2 episode 2 full episode","10","2026","8","10","informational","LOW","2026-10-03T14:00:44.587945Z"
"Pakistan","sultan muhammad fateh season 2 episode 3 makki tv","10","2026","8","10","informational","LOW","2026-10-03T14:00:44.587945Z"
"Pakistan","sultan muhammad fateh season 2 episode 2 niazi play","10","2026","8","0","informational","","2026-10-03T14:00:44.587945Z"
"Pakistan","sultan muhammad fateh episode 16 season 2","10","2026","8","0","informational","","2026-10-03T14:00:44.587945Z"
"Pakistan","sultan muhammad fateh season 2 episode 3 urdu subtitles","10","2026","8","10","informational","LOW","2026-10-03T14:00:44.587945Z"
"Pakistan","sultan muhammad fateh season 2 episode 2 release date","10","2026","8","10","informational","LOW","2026-10-03T14:00:44.587945Z"
"Pakistan","sultan muhammad fateh season 3","1600","2026","8","590","informational","LOW","2026-10-03T14:00:44.693294Z"
"Pakistan","sultan muhammad fateh season 3 episode 70","1300","2026","8","480","informational","LOW","2026-10-03T14:00:44.693294Z"
"Pakistan","sultan muhammad fateh season 3 episode 73","1000","2026","8","590","informational","LOW","2026-10-03T14:00:44.693294Z"
"Pakistan","sultan muhammad fateh season 3 episode 63","1000","2026","8","390","informational","LOW","2026-10-03T14:00:44.693294Z"
"Pakistan","sultan muhammad fateh season 3 episode 72","1000","2026","8","480","informational","LOW","2026-10-03T14:00:44.693294Z"
"Pakistan","sultan muhammad fateh season 3 episode 74","1000","2026","8","590","informational","LOW","2026-10-03T14:00:44.693294Z"
"Pakistan","sultan muhammad fateh season 3 episode 71","1000","2026","8","390","informational","LOW","2026-10-03T14:00:44.693294Z"
"Pakistan","sultan muhammad fateh season 3 episode 69","880","2026","8","720","informational","LOW","2026-10-03T14:00:44.693294Z"
"Pakistan","sultan muhammad fateh season 3 episode 82","880","2026","8","880","informational","LOW","2026-10-03T14:00:44.693294Z"
"Pakistan","sultan muhammad fateh season 3 episode 66","720","2026","8","320","informational","LOW","2026-10-03T14:00:44.693294Z"
"Pakistan","sultan muhammad fateh season 3 episode 65","720","2026","8","390","informational","LOW","2026-10-03T14:00:44.693294Z"
"Pakistan","sultan muhammad fateh season 3 episode 77","720","2026","8","390","informational","LOW","2026-10-03T14:00:44.693294Z"
"Pakistan","sultan muhammad fateh season 3 episode 64","720","2026","8","390","informational","LOW","2026-10-03T14:00:44.693294Z"
"Pakistan","sultan muhammad fateh season 3 episode 67","720","2026","8","390","informational","LOW","2026-10-03T14:00:44.693294Z"
"Pakistan","sultan muhammad fateh season 3 episode 75","720","2026","8","590","informational","LOW","2026-10-03T14:00:44.693294Z"
"Pakistan","sultan muhammad fateh season 3 episode 79","590","2026","8","390","informational","LOW","2026-10-03T14:00:44.693294Z"
"Pakistan","sultan muhammad fateh season 3 episode 81","590","2026","8","260","informational","LOW","2026-10-03T14:00:44.693294Z"
"Pakistan","sultan muhammad fateh season 3 episode 83","590","2026","8","390","informational","LOW","2026-10-03T14:00:44.693294Z"
"Pakistan","sultan muhammad fateh season 3 episode 80","590","2026","8","260","informational","LOW","2026-10-03T14:00:44.693294Z"
"Pakistan","sultan muhammad fateh season 3 episode 60","480","2026","8","170","informational","LOW","2026-10-03T14:00:44.693294Z"
"Pakistan","sultan muhammad fateh season 3 episode 55","480","2026","8","210","informational","LOW","2026-10-03T14:00:44.693294Z"
"Pakistan","sultan muhammad fateh season 3 episode 61","390","2026","8","210","informational","LOW","2026-10-03T14:00:44.693294Z"
"Pakistan","sultan muhammad fateh season 3 episode 56","390","2026","8","170","informational","LOW","2026-10-03T14:00:44.693294Z"
"Pakistan","sultan muhammad fateh season 3 episode 59","390","2026","8","210","informational","LOW","2026-10-03T14:00:44.693294Z"
"Pakistan","sultan muhammad fateh season 3 episode 62","390","2026","8","260","informational","LOW","2026-10-03T14:00:44.693294Z"
"Pakistan","sultan muhammad fateh season 3 episode 57","390","2026","8","170","informational","LOW","2026-10-03T14:00:44.693294Z"
"Pakistan","sultan muhammad fateh season 3 episode 58","320","2026","8","140","informational","LOW","2026-10-03T14:00:44.693294Z"
"Pakistan","sultan muhammad fateh season 3 episode 54","320","2026","8","140","informational","LOW","2026-10-03T14:00:44.693294Z"
"Pakistan","sultan muhammad fateh season 3 episode 51","210","2026","8","50","informational","LOW","2026-10-03T14:00:44.693294Z"
"Pakistan","sultan muhammad fateh season 3 ep 3","210","2026","8","90","informational","LOW","2026-10-03T14:00:44.693294Z"
"Pakistan","sultan muhammad fateh season 3 episode 53","210","2026","8","110","informational","LOW","2026-10-03T14:00:44.693294Z"
"Pakistan","sultan muhammad fateh season 3 episode 3","210","2026","8","90","informational","LOW","2026-10-03T14:00:44.693294Z"
"Pakistan","sultan muhammad fateh season 3 release date","170","2026","8","30","informational","LOW","2026-10-03T14:00:44.693294Z"
"Pakistan","sultan muhammad fateh season 3 episode 74 makki tv","140","2026","8","50","informational","LOW","2026-10-03T14:00:44.693294Z"
"Pakistan","sultan muhammad fateh season 3 episode 84","140","2026","8","170","informational","LOW","2026-10-03T14:00:44.693294Z"
"Pakistan","sultan muhammad fateh season 3 episode 50","140","2026","8","50","informational","LOW","2026-10-03T14:00:44.693294Z"
"Pakistan","sultan muhammad fateh season 3 episode 57 in urdu subtitles","90","2026","8","10","transactional","LOW","2026-10-03T14:00:44.693294Z"
"Pakistan","sultan muhammad fateh season 3 episode 83 makki tv","90","2026","8","110","informational","LOW","2026-10-03T14:00:44.693294Z"
"Pakistan","sultan muhammad fateh season 3 episode 66 makki tv","90","2026","8","50","informational","LOW","2026-10-03T14:00:44.693294Z"
"Pakistan","sultan muhammad fateh season 3 episode 4","70","2026","8","70","informational","LOW","2026-10-03T14:00:44.693294Z"
"Pakistan","sultan muhammad fateh season 3 episode 74 in urdu subtitles","70","2026","8","10","transactional","LOW","2026-10-03T14:00:44.693294Z"
"Pakistan","sultan muhammad fateh season 3 episode 60 in urdu subtitles","70","2026","8","20","transactional","LOW","2026-10-03T14:00:44.693294Z"
"Pakistan","sultan muhammad fateh season 3 episode 82 release date","70","2026","8","20","informational","LOW","2026-10-03T14:00:44.693294Z"
"Pakistan","sultan muhammad fateh season 3 episode 82 in urdu subtitles","50","2026","8","30","informational","LOW","2026-10-03T14:00:44.693294Z"
"Pakistan","sultan muhammad fateh season 3 episode 78 in urdu subtitles","50","2026","8","10","transactional","LOW","2026-10-03T14:00:44.693294Z"
"Pakistan","sultan muhammad fateh season 3 episode 72 historical point","50","2026","8","30","informational","LOW","2026-10-03T14:00:44.693294Z"
"Pakistan","sultan muhammad fateh season 3 episode 72 release date","50","2026","8","10","commercial","LOW","2026-10-03T14:00:44.693294Z"
"Pakistan","sultan muhammad fateh season 3 makki tv","50","2026","8","20","informational","LOW","2026-10-03T14:00:44.693294Z"
"Pakistan","sultan muhammad fateh season 3 episode 70 release date","50","2026","8","0","commercial","","2026-10-03T14:00:44.693294Z"
"Pakistan","sultan muhammad fateh season 3 episode 74 historical point","50","2026","8","20","informational","LOW","2026-10-03T14:00:44.693294Z"
"Pakistan","sultan muhammad fateh season 3 episode 51 in urdu subtitles","40","2026","8","10","transactional","LOW","2026-10-03T14:00:44.693294Z"
"Pakistan","sultan muhammad fateh season 3 ep 50","40","2026","8","10","informational","LOW","2026-10-03T14:00:44.693294Z"
"Pakistan","sultan muhammad fateh season 3 ep 57","40","2026","8","10","informational","LOW","2026-10-03T14:00:44.693294Z"
"Pakistan","sultan muhammad fateh season 3 episode 3 in urdu subtitles","40","2026","8","10","transactional","LOW","2026-10-03T14:00:44.693294Z"
"Pakistan","sultan muhammad fateh season 3 ep 59","30","2026","8","10","informational","LOW","2026-10-03T14:00:44.693294Z"
"Pakistan","sultan muhammad fateh season 3 episode 75 in urdu subtitles","30","2026","8","20","informational","LOW","2026-10-03T14:00:44.693294Z"
"Pakistan","sultan muhammad fateh season 3 ep 51","30","2026","8","10","informational","LOW","2026-10-03T14:00:44.693294Z"
"Pakistan","sultan muhammad fateh season 3 episode 63 release date","30","2026","8","0","commercial","","2026-10-03T14:00:44.693294Z"
"Pakistan","sultan muhammad fateh season 3 episode 84 makki tv","30","2026","8","70","informational","LOW","2026-10-03T14:00:44.693294Z"
"Pakistan","sultan muhammad fateh season 3 episode 82 urdu subtitles","20","2026","8","10","informational","LOW","2026-10-03T14:00:44.693294Z"
"Pakistan","sultan muhammad fateh season 3 episode 68 trailer","20","2026","8","0","informational","","2026-10-03T14:00:44.693294Z"
"Pakistan","sultan muhammad fateh season 3 episode 70 trailer","20","2026","8","0","informational","","2026-10-03T14:00:44.693294Z"
"Pakistan","sultan muhammad fateh season 3 episode 82 trailer","20","2026","8","10","informational","LOW","2026-10-03T14:00:44.693294Z"
"Pakistan","sultan muhammad fateh season 3 episode 71 release date","10","2026","8","10","commercial","LOW","2026-10-03T14:00:44.693294Z"
"Pakistan","sultan muhammad fateh season 3 episode 67 in urdu","10","2026","8","10","informational","LOW","2026-10-03T14:00:44.693294Z"
"Pakistan","sultan muhammad fateh season 3 episode 75 trailer","10","2026","8","10","informational","LOW","2026-10-03T14:00:44.693294Z"
"Pakistan","sultan muhammad fateh season 3 episode 84 historical point","10","2026","8","20","informational","LOW","2026-10-03T14:00:44.693294Z"
"Pakistan","sultan muhammad fateh season 3 episode 72 trailer","10","2026","8","0","informational","","2026-10-03T14:00:44.693294Z"
"Pakistan","sultan muhammad fateh season 3 episode 82 full episode","10","2026","8","0","informational","","2026-10-03T14:00:44.693294Z"
"Pakistan","sultan muhammad fateh season 3 episode 57 urdu subtitles","10","2026","8","0","transactional","","2026-10-03T14:00:44.693294Z"
"Pakistan","sultan muhammad fateh season 3 episode 40","10","2026","8","20","informational","LOW","2026-10-03T14:00:44.693294Z"
"Pakistan","sultan muhammad fateh season 3 episode 79 youtube","10","2026","8","20","informational","LOW","2026-10-03T14:00:44.693294Z"
"Pakistan","sultan muhammad fateh season 3 episode 81 trailer","10","2026","8","0","informational","","2026-10-03T14:00:44.693294Z"
"Pakistan","sultan muhammad fateh season 3 episode 71 trailer","10","2026","8","0","informational","","2026-10-03T14:00:44.693294Z"
"Pakistan","sultan muhammad fateh season 3 episode 60 release date","10","2026","8","0","commercial","","2026-10-03T14:00:44.693294Z"
"United States","mehmed fetihler sultani season 2 episode 1","10","2026","8","10","informational","LOW","2026-10-03T14:01:00.263844Z"
"United States","mehmed fetihler sultani season 1","10","2026","8","10","informational","LOW","2026-10-03T14:01:00.263844Z"
"United States","mehmed fetihler sultani season 1 urdu dubbed","10","2026","8","0","informational","","2026-10-03T14:01:00.263844Z"
"United States","cast of mehmed: fetihler sultani season 1","10","2026","8","10","informational","LOW","2026-10-03T14:01:00.263844Z"
"United States","cast of mehmed fetihler sultani season 1","10","2026","8","10","informational","LOW","2026-10-03T14:01:00.263844Z"
"United States","mehmed fetihler sultani season 2 release date","10","2026","8","0","informational","","2026-10-03T14:01:00.081560Z"
"United States","mehmed fetihler sultani season 2","10","2026","8","10","informational","LOW","2026-10-03T14:01:00.081560Z"
"United States","mehmed: fetihler sultani season 2 cast","10","2026","8","0","informational","","2026-10-03T14:01:00.081560Z"
"United States","mehmed fetihler sultani season 2 cast","10","2026","8","0","informational","","2026-10-03T14:01:00.081560Z"
"United States","cast of mehmed fetihler sultani season 2","10","2026","8","0","informational","","2026-10-03T14:01:00.081560Z"
"United States","mehmed fetihler sultani season 2 episode 16 urdu subtitles","0","2026","8","0","navigational","","2026-10-03T14:01:00.081560Z"
"United States","mehmed fetihler sultani season 2 episode 32 release date","0","2026","8","0","informational","","2026-10-03T14:01:00.081560Z"
"United States","mehmed fetihler sultani season 3","20","2026","8","10","informational","LOW","2026-10-03T14:01:00.167872Z"
"United States","mehmed fetihler sultani season 3 release date","10","2026","8","10","commercial","LOW","2026-10-03T14:01:00.167872Z"
"United States","mehmed: fetihler sultani season 3 cast","10","2026","8","10","informational","LOW","2026-10-03T14:01:00.167872Z"
"United States","mehmed fetihler sultani season 4 release date","10","2026","8","10","informational","LOW","2026-10-03T14:01:00.660943Z"
"Pakistan","sultan muhammad fateh episode 50","110","2026","8","40","informational","LOW","2026-10-03T14:01:00.408999Z"
"Pakistan","sultan muhammad fateh episode 49","110","2026","8","90","informational","LOW","2026-10-03T14:01:00.408999Z"
"Pakistan","sultan muhammad fateh episode 16","90","2026","8","50","informational","LOW","2026-10-03T14:01:00.408999Z"
"Pakistan","sultan muhammad fateh episode 46","70","2026","8","20","informational","LOW","2026-10-03T14:01:00.408999Z"
"Pakistan","sultan muhammad fateh episode 43","70","2026","8","40","informational","LOW","2026-10-03T14:01:00.408999Z"
"Pakistan","sultan muhammad fateh episode 48","70","2026","8","30","informational","LOW","2026-10-03T14:01:00.408999Z"
"Pakistan","sultan muhammad fateh episode 60 in urdu subtitles","70","2026","8","10","transactional","LOW","2026-10-03T14:01:00.408999Z"
"Pakistan","sultan muhammad fateh episode 27","50","2026","8","20","informational","LOW","2026-10-03T14:01:00.408999Z"
"Pakistan","sultan muhammad fateh episode 37","50","2026","8","50","informational","LOW","2026-10-03T14:01:00.408999Z"
"Pakistan","sultan muhammad fateh episode 42","50","2026","8","30","informational","LOW","2026-10-03T14:01:00.408999Z"
"Pakistan","sultan muhammad fateh episode 36","50","2026","8","30","informational","LOW","2026-10-03T14:01:00.408999Z"
"Pakistan","mehmed fatih al sultani season 2 episode 1 urdu dubbed","1600","2026","8","1600","informational","LOW","2026-10-03T14:01:00.267081Z"
"Pakistan","sultan mehmed fateh season 2 in urdu dubbed","210","2026","8","260","informational","LOW","2026-10-03T14:01:00.267081Z"
"Pakistan","mehmed fatih al sultani season 1 episode 1 urdu dubbed","140","2026","8","210","informational","LOW","2026-10-03T14:01:00.267081Z"
"Pakistan","mehmed fatih al sultani season 2 episode 2 urdu dubbed","110","2026","8","90","informational","LOW","2026-10-03T14:01:00.267081Z"
"Pakistan","mehmed fatih al sultani season 3 episode 1 urdu dubbed","90","2026","8","210","informational","LOW","2026-10-03T14:01:00.267081Z"
"Pakistan","mehmed fatih al sultani season 2 urdu dubbed release date","90","2026","8","140","informational","LOW","2026-10-03T14:01:00.267081Z"
"Pakistan","mehmed fatih al sultani season 1 urdu dubbed","90","2026","8","30","informational","LOW","2026-10-03T14:01:00.267081Z"
"Pakistan","mehmed fatih al sultani episode 61 urdu dubbed","70","2026","8","20","informational","LOW","2026-10-03T14:01:00.267081Z"
"Pakistan","mehmed fatih al sultani season 2 urdu dubbed","70","2026","8","40","informational","LOW","2026-10-03T14:01:00.267081Z"
"Pakistan","mehmed fatih al sultani urdu dubbed all episodes","50","2026","8","40","informational","LOW","2026-10-03T14:01:00.267081Z"
"Pakistan","mehmed fatih al sultani episode 60 urdu dubbed","50","2026","8","10","informational","LOW","2026-10-03T14:01:00.267081Z"
"Pakistan","mehmed fatih al sultani urdu dubbed","40","2026","8","10","informational","LOW","2026-10-03T14:01:00.267081Z"
"Pakistan","mehmed fatih al sultani episode 49 urdu dubbed","40","2026","8","30","informational","LOW","2026-10-03T14:01:00.267081Z"
"Pakistan","mehmed fatih al sultani episode 57 urdu dubbed","40","2026","8","10","informational","LOW","2026-10-03T14:01:00.267081Z"
"Pakistan","mehmed fatih al sultani episode 2 urdu dubbed","30","2026","8","10","informational","LOW","2026-10-03T14:01:00.267081Z"
"Pakistan","mehmed fatih al sultani episode 1 urdu dubbed","30","2026","8","40","informational","LOW","2026-10-03T14:01:00.267081Z"
"Pakistan","mehmed fetihler sultani urdu dubbed","30","2026","8","10","informational","LOW","2026-10-03T14:01:00.267081Z"
"Pakistan","mehmed fatih al sultani episode 45 urdu dubbed","20","2026","8","10","informational","LOW","2026-10-03T14:01:00.267081Z"
"Pakistan","mehmed fatih al sultani episode 10 urdu dubbed","20","2026","8","10","informational","LOW","2026-10-03T14:01:00.267081Z"
"Pakistan","sultan mehmed fatih urdu dubbed","20","2026","8","10","informational","LOW","2026-10-03T14:01:00.267081Z"
"Pakistan","mehmed fatih al sultani episode 9 urdu dubbed","20","2026","8","10","informational","LOW","2026-10-03T14:01:00.267081Z"
"Pakistan","mehmed fatih al sultani episode 34 urdu dubbed","20","2026","8","10","informational","LOW","2026-10-03T14:01:00.267081Z"
"Pakistan","mehmed fatih al sultani episode 33 urdu dubbed","20","2026","8","20","informational","LOW","2026-10-03T14:01:00.267081Z"
"Pakistan","sultan mehmed fatih series urdu dubbed","20","2026","8","30","informational","LOW","2026-10-03T14:01:00.267081Z"
"Pakistan","mehmed fatih al sultani episode 20 urdu dubbed","20","2026","8","20","informational","LOW","2026-10-03T14:01:00.267081Z"
"Pakistan","mehmed fatih al sultani episode 11 urdu dubbed","20","2026","8","10","informational","LOW","2026-10-03T14:01:00.267081Z"
"Pakistan","mehmed fetihler sultani urdu dubbed episode 58","10","2026","8","10","informational","LOW","2026-10-03T14:01:00.267081Z"
"Pakistan","mehmed the conqueror series urdu dubbed","10","2026","8","10","informational","LOW","2026-10-03T14:01:00.267081Z"
"Pakistan","mehmed fetihler sultani urdu dubbed episode 1","10","2026","8","0","informational","","2026-10-03T14:01:00.267081Z"
"Pakistan","sultan mehmed fatih episode 51 urdu dubbed","10","2026","8","0","informational","","2026-10-03T14:01:00.267081Z"
"Pakistan","sultan mehmed season 2 in urdu dubbed","10","2026","8","10","informational","LOW","2026-10-03T14:01:00.267081Z"
"Pakistan","mehmed bir cihan fatihi urdu dubbed","10","2026","8","0","informational","","2026-10-03T14:01:00.267081Z"
"Pakistan","mehmed fatih al sultani episode 06 urdu dubbed","10","2026","8","10","informational","LOW","2026-10-03T14:01:00.267081Z"
"Pakistan","mehmed the conqueror urdu dubbed","10","2026","8","10","informational","LOW","2026-10-03T14:01:00.267081Z"
"Pakistan","mehmed the conqueror episode 1 urdu dubbed","10","2026","8","0","informational","","2026-10-03T14:01:00.267081Z"
"Pakistan","mehmed bir cihan fatihi episode 1 urdu dubbed","10","2026","8","10","navigational","LOW","2026-10-03T14:01:00.267081Z"
"Pakistan","mehmed: fetihler sultani urdu dubbed episode 1","10","2026","8","0","informational","","2026-10-03T14:01:00.267081Z"
"Pakistan","mehmed fatih al sultani episode 05 urdu dubbed","10","2026","8","0","informational","","2026-10-03T14:01:00.267081Z"
"Pakistan","mehmed fatih al sultani episode 3 urdu dubbed","10","2026","8","10","informational","LOW","2026-10-03T14:01:00.267081Z"
"United States","mehmed bir cihan fatihi season 1 episode 1 english subtitles","10","2026","8","0","navigational","","2026-10-03T14:01:00.790099Z"
"United States","mehmed the conqueror episode 1 english subtitles","10","2026","8","0","navigational","","2026-10-03T14:01:00.790099Z"
"United States","mehmed bir cihan fatihi english subtitles episode 1","10","2026","8","0","navigational","","2026-10-03T14:01:00.790099Z"
"United States","mehmed bir cihan fatihi english subtitles","10","2026","8","10","navigational","LOW","2026-10-03T14:01:00.790099Z"
"United States","mehmed bir cihan fatihi episode 1 english subtitles","10","2026","8","0","navigational","","2026-10-03T14:01:00.790099Z"
"United States","mehmed the conqueror tv series english subtitles","10","2026","8","0","navigational","","2026-10-03T14:01:00.790099Z"
"United States","mehmed the conqueror series english subtitles","10","2026","8","0","navigational","","2026-10-03T14:01:00.790099Z"
"United States","mehmed bir cihan fatihi season 2 episode 1 english subtitles","10","2026","8","0","navigational","","2026-10-03T14:01:00.790099Z"
"United States","mehmed bir cihan fatihi episode 2 english subtitles","0","2026","8","0","navigational","","2026-10-03T14:01:00.790099Z"
"United States","mehmed bir cihan fatihi episode 4 english subtitles","0","2026","8","0","navigational","","2026-10-03T14:01:00.790099Z"
"United States","mehmed bir cihan fatihi episode 3 english subtitles","0","2026","8","0","navigational","","2026-10-03T14:01:00.790099Z"
"United States","mehmed bir cihan fatihi episode 5 english subtitles","0","2026","8","0","navigational","","2026-10-03T14:01:00.790099Z"
"United States","mehmed bir cihan fatihi 1 bolum english subtitles","0","2026","8","0","navigational","","2026-10-03T14:01:00.790099Z"
"United States","mehmed bir cihan fatihi episode 6 english subtitles","0","2026","8","0","navigational","","2026-10-03T14:01:00.790099Z"
"United States","mehmed bir cihan fatihi episode 7 english subtitles","0","2026","8","0","navigational","","2026-10-03T14:01:00.790099Z"
"United States","mehmed bir cihan fatihi 1 bölüm english subtitles","0","2026","8","0","navigational","","2026-10-03T14:01:00.790099Z"
"United Kingdom","mehmed fetihler sultanı","1000","2026","8","590","informational","LOW","2026-10-03T14:01:41.946163Z"
"United Kingdom","cast of mehmed: fetihler sultanı","260","2026","8","40","informational","LOW","2026-10-03T14:01:41.946163Z"
"United Kingdom","mehmed: fetihler sultanı cast","50","2026","8","90","informational","LOW","2026-10-03T14:01:41.946163Z"
"United Kingdom","mehmed fetihler sultanı cast","50","2026","8","90","informational","LOW","2026-10-03T14:01:41.946163Z"
"United Kingdom","mehmed: fetihler sultanı oyuncuları","30","2026","8","10","informational","LOW","2026-10-03T14:01:41.946163Z"
"United Kingdom","barış bağcı mehmed fetihler sultanı","10","2026","8","0","informational","","2026-10-03T14:01:41.946163Z"
"United Kingdom","mehmed fetihler sultanı how many episodes","10","2026","8","0","commercial","","2026-10-03T14:01:41.946163Z"
"United Kingdom","giovanni giustiniani mehmed: fetihler sultanı","10","2026","8","0","informational","","2026-10-03T14:01:41.946163Z"
"United Kingdom","cast of mehmed fetihler sultanı season 1","10","2026","8","10","informational","LOW","2026-10-03T14:01:41.946163Z"
"United Kingdom","mehmed fetihler sultanı where to watch","10","2026","8","10","informational","LOW","2026-10-03T14:01:41.946163Z"
"United Kingdom","mehmed fetihler sultanı season 3 release date","10","2026","8","10","informational","LOW","2026-10-03T14:01:41.946163Z"
"United Kingdom","cast of mehmed fetihler sultanı season 2","10","2026","8","0","informational","","2026-10-03T14:01:41.946163Z"
"United Kingdom","mehmed fetihler sultanı 32","10","2026","8","0","informational","","2026-10-03T14:01:41.946163Z"
"United Kingdom","fikret kuşkan mehmed fetihler sultanı","10","2026","8","0","informational","","2026-10-03T14:01:41.946163Z"
"United Kingdom","esila umut mehmed fetihler sultanı","10","2026","8","10","informational","LOW","2026-10-03T14:01:41.946163Z"
"United Kingdom","mehmed: fetihler sultanı total episodes","10","2026","8","10","informational","LOW","2026-10-03T14:01:41.946163Z"
"United Kingdom","cast of mehmed fetihler sultanı princess rose","10","2026","8","0","informational","","2026-10-03T14:01:41.946163Z"
"United Kingdom","mehmed fetihler sultanı sezon 2","10","2026","8","0","informational","","2026-10-03T14:01:41.946163Z"
"United Kingdom","korel cezayirli mehmed fetihler sultanı","10","2026","8","0","informational","","2026-10-03T14:01:41.946163Z"
"United Kingdom","mehmed: fetihler sultanı season 2 cast","10","2026","8","10","informational","LOW","2026-10-03T14:01:41.946163Z"
"United Kingdom","bahar hatun mehmed: fetihler sultanı","10","2026","8","10","informational","LOW","2026-10-03T14:01:41.946163Z"
"United Kingdom","cast of mehmed fetihler sultanı season 3","10","2026","8","0","informational","","2026-10-03T14:01:41.946163Z"
"United Kingdom","giovanni giustiniani mehmed fetihler sultanı","10","2026","8","0","transactional","","2026-10-03T14:01:41.946163Z"
"United Kingdom","mehmed: fetihler sultanı 16","10","2026","8","0","informational","","2026-10-03T14:01:41.946163Z"
"United Kingdom","mehmed: fetihler sultanı director","10","2026","8","10","informational","LOW","2026-10-03T14:01:41.946163Z"
"United Kingdom","zaganos pasha mehmed: fetihler sultanı","10","2026","8","10","informational","LOW","2026-10-03T14:01:41.946163Z"
"United Kingdom","mehmed fetihler sultanı cast name","10","2026","8","0","informational","","2026-10-03T14:01:41.946163Z"
"United Kingdom","ghassan massoud mehmed: fetihler sultanı","10","2026","8","0","informational","","2026-10-03T14:01:41.946163Z"
"United Kingdom","mehmed fetihler sultanı season 2","10","2026","8","10","informational","LOW","2026-10-03T14:01:41.946163Z"
"United Kingdom","mehmed: fetihler sultanı season 2 release date","10","2026","8","10","informational","LOW","2026-10-03T14:01:41.946163Z"
"United Kingdom","cast of mehmed: fetihler sultanı season 3","10","2026","8","0","informational","","2026-10-03T14:01:41.946163Z"
"United Kingdom","ertan saban mehmed fetihler sultanı","10","2026","8","0","informational","","2026-10-03T14:01:41.946163Z"
"United Kingdom","mehmed fetihler sultanı 45","10","2026","8","0","informational","","2026-10-03T14:01:41.946163Z"
"United Kingdom","mehmed: fetihler sultanı gülşah hatun","10","2026","8","0","informational","","2026-10-03T14:01:41.946163Z"
"United Kingdom","mehmed: fetihler sultanı ringtone download","10","2026","8","0","navigational","","2026-10-03T14:01:41.946163Z"
"United Kingdom","selim bayraktar mehmed: fetihler sultanı","10","2026","8","0","informational","","2026-10-03T14:01:41.946163Z"
"United Kingdom","mehmed fetihler sultanı 31","10","2026","8","0","informational","","2026-10-03T14:01:41.946163Z"
"United Kingdom","mehmed: fetihler sultanı wikipedia","10","2026","8","10","informational","LOW","2026-10-03T14:01:41.946163Z"
"United Kingdom","mehmed fetihler sultanı netflix","10","2026","8","0","navigational","","2026-10-03T14:01:41.946163Z"
"United Kingdom","selim bayraktar mehmed fetihler sultanı","10","2026","8","0","informational","","2026-10-03T14:01:41.946163Z"
"United Kingdom","mehmed fetihler sultanı wikipedia","10","2026","8","10","informational","LOW","2026-10-03T14:01:41.946163Z"
"United Kingdom","mehmed fetihler sultanı season 2 release date","10","2026","8","10","informational","LOW","2026-10-03T14:01:41.946163Z"
"United Kingdom","mehmed fetihler sultanı wife","10","2026","8","10","informational","LOW","2026-10-03T14:01:41.946163Z"
"United Kingdom","mehmed fetihler sultanı new episode release date","10","2026","8","0","informational","","2026-10-03T14:01:41.946163Z"
"United Kingdom","mehmed: fetihler sultanı dizi","10","2026","8","0","informational","","2026-10-03T14:01:41.946163Z"
"United Kingdom","mehmed fetihler sultanı episode 16 release date","10","2026","8","0","informational","","2026-10-03T14:01:41.946163Z"
"United Kingdom","hakan vanlı mehmed fetihler sultanı","10","2026","8","0","informational","","2026-10-03T14:01:41.946163Z"
"United Kingdom","mehmed: fetihler sultanı 15 bölüm","10","2026","8","0","informational","","2026-10-03T14:01:41.946163Z"
"United Kingdom","mehmed fetihler sultanı season 4 release date","10","2026","8","50","informational","LOW","2026-10-03T14:01:41.946163Z"
"United Kingdom","serdar gökhan mehmed fetihler sultanı","10","2026","8","0","informational","","2026-10-03T14:01:41.946163Z"
"United Kingdom","mehmed: fetihler sultanı wife","10","2026","8","10","informational","LOW","2026-10-03T14:01:41.946163Z"
"United Kingdom","serkan çayoğlu mehmed: fetihler sultanı","10","2026","8","10","informational","LOW","2026-10-03T14:01:41.946163Z"
"United Kingdom","mehmed: fetihler sultanı how many episodes","10","2026","8","0","informational","","2026-10-03T14:01:41.946163Z"
"United Kingdom","mehmed: fetihler sultanı trt","10","2026","8","0","informational","","2026-10-03T14:01:41.946163Z"
"United Kingdom","mehmed fetihler sultanı trt","10","2026","8","0","informational","","2026-10-03T14:01:41.946163Z"
"United Kingdom","mehmed fetihler sultanı 41","10","2026","8","0","informational","","2026-10-03T14:01:41.946163Z"
"United Kingdom","mehmed fetihler sultanı first episode date","10","2026","8","0","informational","","2026-10-03T14:01:41.946163Z"
"United Kingdom","kenan çoban mehmed fetihler sultanı","10","2026","8","10","informational","LOW","2026-10-03T14:01:41.946163Z"
"United Kingdom","mehmed fetihler sultanı cast season 2","10","2026","8","10","informational","LOW","2026-10-03T14:01:41.946163Z"
"United Kingdom","cast of mehmed: fetihler sultanı season 1","10","2026","8","10","","LOW","2026-10-03T14:01:41.946163Z"
"United Kingdom","mehmed fetihler sultanı dizi","10","2026","8","0","informational","","2026-10-03T14:01:41.946163Z"
"United Kingdom","mehmed: fetihler sultanı sezon 2 cast","0","2026","8","0","informational","","2026-10-03T14:01:41.946163Z"
"United Kingdom","mehmed fetihler sultanı sezon 2 cast","0","2026","8","0","informational","","2026-10-03T14:01:41.946163Z"
"United Kingdom","giovanni giustiniani actor in mehmed fetihler sultanı","0","2026","8","0","informational","","2026-10-03T14:01:41.946163Z"
"United Kingdom","mehmed fetihler sultanı sezon 2 release date","0","2026","8","0","informational","","2026-10-03T14:01:41.946163Z"
"United Kingdom","mehmed fetihler sultanı 1 bolum","0","2026","8","0","informational","","2026-10-03T14:01:41.946163Z"
"United Kingdom","mehmed fetihler sultanı sezon 2 date","0","2026","8","0","informational","","2026-10-03T14:01:41.946163Z"
"United Kingdom","cast of mehmed: fetihler sultanı real name","","2026","8","0","informational","","2026-10-03T14:01:41.946163Z"
"United Kingdom","cast of mehmed fetihler sultanı helena","","2026","8","0","informational","","2026-10-03T14:01:41.946163Z"
"United Kingdom","cast of mehmed fetihler sultanı new cast","","2026","8","0","informational","","2026-10-03T14:01:41.946163Z"
"United Kingdom","cast of mehmed fetihler sultanı sultan murad","","2026","8","0","informational","","2026-10-03T14:01:41.946163Z"
